skill_match_percentage,critical_skill_match_percentage,project_relevance_score,certification_relevance_score,internship_relevance_score,resume_completeness_score,keyword_match_score,role_category_match_score,missing_skills_count,critical_missing_skills_count,readiness_label
85.50058636738238,84.46421476297645,94.72942428328025,93.53398974845823,97.8435913540969,81.73877665258833,88.43843639370542,80.59594438876141,1,1,Highly Ready
94.32039225844807,94.02649947180473,88.39039641923317,88.98418092567707,85.56381416461325,97.38600641585867,95.17614734259534,83.1931863275378,3,2,Highly Ready
68.22983529972205,57.05870181202728,52.669425180842666,52.740894783002354,66.25489859425427,61.86706856460404,65.52830891893885,64.13517216048872,8,6,Needs Improvement
14.658914070354644,31.431989974722168,44.27258739684034,18.081751308348824,9.614429512832995,3.477757441187046,33.06316592838551,38.65341703943459,9,9,Not Ready Yet
89.0682060473687,96.68220853281501,83.2530819431217,87.10541400455043,93.40350348755386,94.03640626917102,93.67095331073335,81.42805019157096,1,1,Highly Ready
72.4295304410585,78.32852061659096,76.19345762589982,71.97653656573242,72.91854460973789,76.91482219833135,70.50344152794355,77.39622334606128,5,5,Moderately Ready
67.4364502353398,61.20924092661304,63.92245687294157,54.82727779297453,59.98616267086099,66.92429676996065,62.57133366360763,53.57168862795713,6,6,Needs Improvement
58.71180889130243,61.50359264902181,57.515935986844994,68.9518640038049,53.48997140803541,59.88328502801336,64.60407883560728,66.49985237399999,6,8,Needs Improvement
73.79943970119716,70.57174935536761,73.43457357855883,78.96509242216086,74.76202910589224,78.73970539852256,77.74701732011049,70.10332919748538,4,5,Moderately Ready
58.82577451204389,59.167026713925715,68.16868669537945,66.7653529268075,55.74100291351964,60.01055003490537,54.21573384954237,67.42730110820676,8,7,Needs Improvement
76.86259720067636,74.85441127107663,77.00763830767502,74.7731830497566,70.00514706515149,72.91740451304206,70.17529068147249,78.36188754638155,5,4,Moderately Ready
91.34713887377819,81.57514096582732,94.63815189689255,96.32046506840177,99.55968987354669,90.65412339059031,82.51521023040883,93.19501645494735,1,2,Highly Ready
37.76325983179027,34.493381604981074,35.64744864095609,19.949614999871457,33.584347981914156,18.67102512646469,44.980704232147275,22.574307069556486,9,9,Needs Improvement
91.76617436914466,84.60229465193154,84.40434768903118,81.41986172018065,92.62205914540198,84.5788356762231,98.10840026012255,97.19270800507493,0,1,Highly Ready
54.8562625326679,53.38161327705045,67.83925633045207,61.27877567985512,59.508078473612294,65.12314963723355,65.53494595979959,54.4273784585138,6,8,Needs Improvement
20.5551138024869,43.19183741848016,2.7085593616085255,32.67277441328958,32.308987564749216,3.0306337038506825,36.41067942205913,40.02962554308494,9,9,Not Ready Yet
74.03752193049819,73.79693475850964,72.50690630200246,72.2482580309389,78.30939039348411,73.98817670548111,77.75214194285647,74.95292781204863,4,4,Moderately Ready
83.32622221207828,89.71282250901437,84.27494598398363,88.02080585098905,81.17270799944357,87.57946237953833,99.70617687559452,85.30406116344304,3,2,Moderately Ready
36.525265870773296,39.16807642421436,33.093565597537264,24.333570582716472,9.494893363381857,10.885044920708747,2.9241646003649704,36.78685893945217,9,10,Not Ready Yet
89.5357703421787,98.3877426166415,90.62252270541083,81.13759159457369,90.15656993986838,97.02685090688243,81.37042665407584,81.35921726751515,1,3,Highly Ready
84.9243069557725,91.89038307066882,92.38763020664206,88.38449830671745,91.6734457858245,90.45565431063918,98.69412515472854,84.08518398847073,2,1,Not Ready Yet
63.09042401327948,56.39994743637772,56.691189532893375,64.53356086345924,52.30577606087683,59.24913940713455,68.97217993537996,68.92973606139171,6,8,Needs Improvement
71.1921091332982,73.14107951468064,70.61912182654018,72.19855974857319,72.56488652094991,73.94366115706939,74.88896166035428,72.72265428681001,4,5,Moderately Ready
85.28931842974255,97.79425414011419,94.84833367961997,83.10895819549981,85.63512542915788,84.21259309613886,86.85760575586517,93.74994257602661,2,3,Moderately Ready
52.6613724188292,58.624363906147074,55.98024403150053,51.06382240358008,64.88014601435329,62.46804079142483,55.71519472381827,64.34215635026275,8,8,Highly Ready
5.59369402946675,47.252546952331954,34.55098118779382,7.4527142739259755,1.8014069030415303,18.460799225609588,27.62625483724988,21.489335644038587,9,10,Not Ready Yet
65.33020148798475,66.49264647601625,67.18064345747655,54.781377690115576,55.491535306012636,52.850285190092144,65.04209235368597,66.91442462611816,7,8,Needs Improvement
77.78145126597968,78.78585429637866,77.29694547946357,77.93274584196992,70.2230772570837,76.62908024579573,72.98966921151786,78.37734297443492,4,5,Highly Ready
70.97286063762661,77.84950104615481,77.72733926204003,72.00190345791098,77.34927945037236,74.14272911211047,72.7467178060474,77.15810949237576,4,4,Moderately Ready
87.96931957129567,85.57206122046009,81.3884150932564,95.46653274880723,87.02292258165504,90.18811351056075,93.59036236720527,96.87322326544162,2,0,Highly Ready
85.2243039278042,91.61179467477416,99.67101145766173,80.76514394706525,91.93142509975489,86.91374223359601,95.72856356407364,88.72787767741215,0,3,Highly Ready
76.37906755450754,70.01522150396767,78.33017648949175,74.84606797383513,76.47486999230361,76.67755070055529,76.03565653989699,73.27799324603137,4,5,Moderately Ready
53.24325568195862,67.20084303174764,60.12820507263484,63.004072273903134,56.8712922874332,63.549751455499184,60.97942459800228,54.45312167382266,8,7,Needs Improvement
72.70854887109009,74.93143491822129,70.00365345727559,72.58222345182034,73.86899334990851,75.21986303076113,75.89235061332765,74.18489371222313,5,4,Moderately Ready
47.991600184151814,36.79807229701109,32.94253724992109,14.189320249651372,33.19269181524994,30.963040268118775,4.6693600037781335,47.59998312262376,9,10,Not Ready Yet
71.32618566021195,70.41592346283483,78.85542420503666,75.50146575754611,76.91640405100178,74.0987455154208,77.97523218145884,75.18103809468386,5,5,Moderately Ready
32.802900555589204,0.277240906901588,37.54822383092365,38.50230942870125,5.329364828176947,21.257309697136705,8.794334085326582,47.89830211397699,10,9,Not Ready Yet
74.10815642923156,77.21274941550038,76.00819959327718,78.89103207759803,75.35907086622478,78.55035647598841,78.02283333229393,75.51387090485586,5,5,Highly Ready
74.27206993140749,72.33272393618518,72.22515763758693,75.7389529309854,76.89232315867449,74.69169831545184,75.64073593283604,72.47137702225784,4,5,Moderately Ready
72.87738611576886,74.8613700026661,71.2453665536454,72.08135331755368,76.24554831069148,76.35777227525097,70.5780596564249,73.66839432699928,5,5,Moderately Ready
88.40287035546851,98.09676956680354,91.6815882840845,93.91045972995936,97.13464064607868,95.31189152236139,87.60762057855423,80.11792167167987,2,2,Highly Ready
47.671516923505315,20.951064131491094,37.37578344890254,27.306615486691953,30.162629447062066,11.026934716190945,10.971081731071807,21.79179880233183,9,10,Not Ready Yet
65.3665618395634,64.0352647972912,66.12910193512606,67.55174917204157,68.65299559534061,60.614225331585075,67.32471952656184,61.6540699613024,8,6,Needs Improvement
82.71398974461128,89.23396888103024,81.00569266977256,87.58207728376279,84.23320568422963,86.53691609762618,95.22459415788055,87.58252431128273,3,2,Highly Ready
94.98048522165702,81.0417121648651,99.03839384763842,84.48444331439497,81.37236740905539,99.14571205552737,80.80516275081533,80.62059997761425,1,1,Highly Ready
84.77089883777812,89.47122121892257,82.28778892218614,98.95514044433304,89.30067966870442,85.12487393124373,87.37790348645883,92.11785385120622,0,1,Highly Ready
51.46221165895439,56.61523039910451,63.19225116330736,68.24711108770613,58.13977994729929,63.87026469089043,52.36793660117508,63.43105948679364,8,6,Needs Improvement
86.03165370975334,93.68518078333312,96.11055927292333,95.92454433200425,91.31865110734631,80.82138260412272,90.65490490621,93.23042681374712,0,2,Highly Ready
96.44661836180116,82.11077741287997,99.21575134429158,92.71170212202892,96.57414622004916,94.14617287412153,88.70974290015354,94.67590608026784,2,3,Highly Ready
36.551310715256115,13.419776902461267,42.58565800096659,41.53655094453017,4.33314490278372,44.0815592001386,12.193171959547799,23.235423330161588,10,10,Not Ready Yet
86.50028335777519,89.75099864782689,87.09649932352191,85.16704817717356,85.59316976075172,91.92310015874858,97.6021469051046,91.11582055839168,1,0,Highly Ready
74.39720062163909,76.8234818813422,76.2154840550187,75.81312609766857,74.41739201570728,77.13639581319086,70.83748015499205,71.99436760425277,4,5,Moderately Ready
60.556594760623824,58.659068628693866,64.42683786084497,56.95424334952674,63.65138895934384,55.876495685571534,55.52526617161695,53.171805925541506,6,7,Needs Improvement
99.01755120786869,93.80327108281104,83.83081946021089,94.77209307017901,85.52999253937378,91.79173811921582,95.20415790746165,91.93581481024603,0,1,Highly Ready
54.22994778633726,51.254670610609146,60.61443160681794,55.93760388209881,68.53730875984928,60.960461402374946,63.5535130723835,53.27303087325136,7,6,Needs Improvement
89.3879388986102,88.80937596272021,83.68727340780164,81.02753434367156,98.82127193536206,89.55458374531375,96.44231290598862,88.01414884503879,0,0,Highly Ready
75.06555637376108,72.73451960658005,78.94526310439198,71.06606405990316,76.87999100793574,75.45685886118666,77.11666746859078,72.03118423358531,5,5,Moderately Ready
29.426256936055147,21.44149180702129,28.431473531211658,3.011515218627042,48.00543887171496,4.961678738739411,38.13685521773543,31.275751520330157,10,9,Not Ready Yet
74.96793021019982,71.40879353898825,73.67665815394024,76.20434022206292,74.22921231106918,70.29375869842832,72.5929440063432,72.54446535801058,5,4,Moderately Ready
75.30810630284732,77.2351511225329,71.78037292380817,71.03298672214942,72.02328505239421,71.34090460967796,72.39069224476576,71.2801265689931,4,4,Not Ready Yet
65.83632542376017,67.58146552141748,58.90476207612727,59.43656346497092,56.4736414298058,58.2451533449305,55.90043147659674,60.71966812676425,7,6,Needs Improvement
94.69067846571231,92.07427281891822,80.51729784776671,84.57848831443654,93.48596734344342,97.21033745634543,91.74245863419567,80.41490912431067,2,0,Highly Ready
75.86358540490318,78.2446550913409,71.63340232500813,75.26796662750068,75.71306247508679,74.42553221971912,70.82118165664444,73.13164950665185,5,5,Moderately Ready
86.59607327157931,93.87347347966865,85.76435590722912,98.90387079126421,96.27132069475945,91.00193217943566,89.09651817203459,86.29034314340336,2,0,Highly Ready
41.24636016343505,0.05755337240561098,43.468374216032615,23.0988172491072,2.7102042688364305,25.92196962303644,31.131693630085564,24.924655119109428,10,9,Not Ready Yet
71.17911906055402,72.59226230489496,77.92761955622025,74.36240617254998,70.25982498197497,75.67020049303655,77.19382359947024,76.38804542590233,5,4,Moderately Ready
49.61285696976098,45.6464939242084,23.07239470893917,5.873307454477877,41.60715868844506,24.918775235359764,35.83016629958956,25.443600753475586,10,10,Not Ready Yet
22.839323636615678,7.232098424280436,9.530518547396415,29.968879933744997,37.31462727461988,6.825417229543229,3.4905039803115265,38.633756633850254,10,10,Highly Ready
56.09110169909088,56.374005295891806,61.5648790034549,68.9802419981281,59.81352623980262,53.674717530890206,60.69445039866973,57.21223095047414,8,8,Needs Improvement
16.08886751145187,9.432618685355271,34.87492138102857,28.589882099245056,11.678122302894655,38.77722375496294,2.182364954865096,37.2352575782598,10,10,Not Ready Yet
70.33317650211019,74.5206203511967,75.31162386378611,77.82730282025994,77.86771336648877,73.9627558879361,74.73355978126806,74.11235267026818,4,5,Moderately Ready
77.03372762145722,72.38520501589068,75.60933460469798,73.57734991497196,70.72283788521504,72.9570903008511,76.06921745638608,74.80260081157151,5,5,Moderately Ready
84.69540486204043,93.68799148811833,85.74758008084088,84.54972561400628,81.80758661537938,99.56675456441091,95.20739385988531,94.07781658658075,0,3,Highly Ready
78.13081655845437,70.41391871809492,77.16529118645991,72.64030998368688,73.37356980797783,71.31012816129459,74.78049686333884,75.09335255724343,4,4,Moderately Ready
77.83755638780369,75.57739331683673,72.16746812670682,78.21546114421199,71.28805948115658,74.15034922019498,72.28579605472189,72.29794037343238,4,5,Moderately Ready
53.84356119729217,58.95113610486866,57.220181239975474,61.576290692275585,62.50089664248022,58.63756089229616,55.50176803933862,66.21547065256678,6,7,Needs Improvement
19.068214882881453,17.94795787886229,14.79361951078923,34.96395397753669,1.0969798929782504,41.5018780746422,19.790287045568366,0.4048982880745122,9,10,Not Ready Yet
55.14213103746749,65.43477523581518,54.9420817007059,54.42237580698759,55.51128240078509,64.6003918273502,64.81447394091836,63.25539169527641,6,8,Needs Improvement
80.78845147921635,95.77220968020308,80.66729062491265,87.2972246605694,82.62823612840971,98.19255624638653,86.53438251428021,88.31006186837556,1,1,Not Ready Yet
67.44276554067054,65.94850715221315,55.62546152213872,65.84441662576333,59.67326093772734,65.5167928882878,64.43806831290681,57.096874568433954,6,7,Needs Improvement
99.33000418925505,97.20281193797643,94.48433424151037,99.59884485563808,99.34539494600065,96.09175288041124,87.31550098811132,95.81363937177875,0,2,Highly Ready
93.45656763747508,93.44681594702027,91.69120183304332,96.44834602453548,98.80583783559109,82.16692204398461,84.67643804423166,80.50049299292965,2,1,Highly Ready
89.2853507264536,94.02154330941889,92.98478892569182,82.33351873454109,80.90693622026764,80.7442425644941,99.9185474951006,82.32240961450219,1,1,Highly Ready
33.52431094250856,37.15700607615858,47.29870428897161,20.95633767073614,37.11345073826579,7.726145120491751,20.744226371840348,4.951081735526425,10,10,Not Ready Yet
57.66953925721984,58.98089554909263,68.10999305732568,66.39810347950718,52.78838324291034,63.34224477866314,60.80038550667861,68.60116553013684,7,6,Needs Improvement
48.41034379681934,47.45053941310688,41.20955409657857,4.583671190876043,10.60529077116566,31.97464592648519,48.55466560324931,2.52892553314365,10,9,Not Ready Yet
71.84685017628588,77.46836053495419,74.98787009615016,75.27744775223405,77.31747683008953,72.09698811141428,76.96931720024338,77.09779378849848,4,5,Moderately Ready
72.25588777055312,71.57047408811255,75.94951878337585,70.23202134807579,70.13374294507638,77.10986197811279,72.14138445481417,72.9139431576582,4,5,Not Ready Yet
88.41921113820158,82.27298613573093,81.27116076294273,88.96550428539769,87.24077947635024,91.87332035736054,89.04010839817505,84.4309951283657,0,2,Highly Ready
1.5575319755171957,49.929337754466346,42.364927158362136,21.313680963999587,5.398091483961359,35.62006574485482,22.17811646815043,44.96333825617674,10,9,Not Ready Yet
92.48634988562415,91.70729377096242,94.24305592852613,87.61808797637042,91.94783710398627,85.8979549189978,90.11102148971361,88.60398651647246,0,1,Highly Ready
11.42467871822922,16.94658094175876,22.674945145372366,20.799482513074764,4.754291963781543,21.3382003130479,33.25539315301545,18.715051171776842,9,10,Not Ready Yet
81.70728714663238,88.6375303710348,94.89177938383759,87.45293718751807,82.60230907147687,81.19961955941693,99.13249247693813,91.23366763139457,0,3,Highly Ready
67.94033763934013,58.6128634037499,67.48518607749858,51.92602943950277,56.17732933765189,56.624080183577775,52.8648101866434,60.13342584542407,6,8,Needs Improvement
5.410919096363331,42.26867093006725,18.37805253076751,38.13028159684249,28.705000216573133,40.361068557617216,42.25775806641791,48.72733010628541,9,10,Not Ready Yet
94.05397545731209,86.1796937765982,86.79649313554516,80.12211578807317,97.39725413072875,91.32642189522753,88.01568687999031,82.83749308302538,0,0,Highly Ready
74.08281211605716,71.4166834826058,72.80473632733795,72.91944602870583,78.47266681573049,75.36601394984584,77.9500796606651,71.4002191306404,4,4,Moderately Ready
58.632265916033916,61.92736813393827,58.45530728188904,54.88024137607944,60.22223350441988,57.21311139865551,52.99601589961675,63.20792207280362,8,7,Needs Improvement
58.11474112957732,61.78784922500011,51.13836754619789,56.42554851633186,54.80221162596562,53.47022649463189,55.59935107238627,56.90620240688114,6,7,Needs Improvement
19.01037228576181,35.18356316913318,25.013117327810658,41.66771012099391,40.31000932833819,3.603774829607892,43.08821810112943,2.1151130781395686,9,10,Not Ready Yet
91.51518321473662,91.46799361771686,94.18997923137869,88.35387919686961,82.30346745327597,80.41713118049498,86.49536358891028,96.02644308620904,3,2,Highly Ready
82.11726266791172,88.713530538808,88.00899632632175,81.5729417496572,97.41048832390823,94.91609652929206,84.43144117788503,95.58235737206529,0,0,Highly Ready
73.15989761461624,78.62401014097435,75.80898678552607,71.32920852397694,70.92524074999987,72.30371399801557,71.56149120197885,71.37582810105337,4,4,Needs Improvement
28.18677416439248,28.97340448532449,34.05667391574168,44.10240782964669,32.1495915335783,49.32659738679296,16.160412082168037,48.54865321040801,10,9,Not Ready Yet
22.110403191814243,15.141021756950646,13.733683374307958,2.8086060106539024,25.366844264488908,15.520392530315547,22.59569318503411,2.8445025416976186,10,9,Not Ready Yet
90.1413563466791,89.25423317854545,91.08632742676608,95.83635594530718,97.91753531113605,88.99467407301813,96.19631835395943,93.0367490929722,2,3,Highly Ready
70.93151689543352,78.09214150560196,73.09093998254441,76.42883994250717,74.54094101350861,71.55303020292729,72.22969351238456,73.9398244687831,5,4,Needs Improvement
56.092084415059524,58.35784915045176,57.09060864314555,61.76194552289381,65.20608476814597,62.651496425447526,52.18641337703492,52.7011070552717,8,7,Needs Improvement
66.32819267971928,68.35938051577038,61.848614645891146,53.706719890240706,52.46703577406191,62.94501790810906,67.50143619102816,56.58417127593262,8,8,Needs Improvement
35.441700718552696,4.2359506002001,27.94610350455318,32.174663168065976,16.423827712679202,6.389688205017297,35.141543607771005,47.35543122096906,9,10,Not Ready Yet
56.55958926114985,68.12104764473042,57.151182212367864,64.79081173802075,54.456094205958955,68.99957917985452,53.789013112999285,56.32425782978319,6,8,Needs Improvement
97.52785545085484,92.36062930987016,91.94492882143257,83.08505522642243,83.61691934337394,93.85691281722453,92.49480959907825,98.05311965428876,3,0,Highly Ready
35.9792836895325,48.47943017043125,30.529771106290788,37.6195582555743,39.19001797174214,11.700147216771223,11.958424862275974,48.27983185970182,10,9,Not Ready Yet
61.26754908055005,58.93075326316237,64.84989393556037,65.00623267049866,60.05232044677642,58.53589488113543,53.917047118425685,54.59455916600425,8,6,Needs Improvement
59.65063179831285,57.68181791887979,67.81728397195499,63.805217588142014,60.28636897594473,53.24419989534567,52.509752256692224,53.88562201641681,7,8,Needs Improvement
70.82542212693184,78.19454458354669,77.3503293026995,77.96166796346206,78.37424734413648,73.73407215237106,73.56808568923223,73.36565338911117,5,4,Moderately Ready
56.736327758095165,52.783496239074864,63.86467690541813,57.035226406491184,53.62888752279276,51.689457440106786,67.51313108902953,59.50418879486096,6,8,Needs Improvement
0.2625599152808966,3.9612885635360637,12.796196421852235,41.74815496411905,27.440212272191772,36.36173926624659,26.388575294336214,5.559343016211921,10,9,Not Ready Yet
55.29191106227681,62.50113117911059,62.21059023013744,52.13052871819915,66.06037897089604,59.99692600027697,60.648968117653105,62.37518895623656,8,6,Needs Improvement
70.0140790234006,73.1753443566343,75.13597344420185,71.68582520618544,76.01393412627671,74.7113610191039,73.24543381936188,78.58063310186964,4,5,Moderately Ready
19.344066076367877,18.665119355041625,37.365829578132264,17.854693825736646,3.3779778870949464,12.056296219282231,32.85522000054157,5.183193374984474,10,9,Not Ready Yet
86.77094516359402,92.8559123240544,96.60767313527205,93.69365132817967,99.61638371577699,89.57062343235847,83.64555996827747,82.69705162392565,3,0,Highly Ready
65.23996583812279,66.94422694112589,56.68072476089505,56.581365892864056,58.16803300234831,65.67730945180769,59.52119581818318,51.65917388766435,8,6,Needs Improvement
65.05514820561164,66.58436898740504,56.9746443548642,53.2405501483989,57.624345137664115,67.01075730622107,64.37953869935318,67.10347490919096,7,7,Needs Improvement
74.47771053244264,78.31879419964267,74.67348268181448,77.21033278661596,76.54373191908373,70.7103430544992,75.42207968947204,77.40107151585897,5,5,Moderately Ready
93.21838442916274,86.12991712181505,92.052432554612,88.52232145766091,93.79529616890973,87.03093967543984,80.84710325700259,97.40074350112783,2,3,Highly Ready
65.24660091893583,52.03244515769735,63.08131000008602,58.311784167137745,60.23554835036194,64.49816371671402,53.879761078582774,51.560531143620835,8,8,Needs Improvement
3.36166815310544,38.92576867534327,18.31642365535743,19.142720084438885,28.362232086205974,30.254741442739274,33.95310284566975,47.44117646327782,10,10,Not Ready Yet
90.58919763072579,87.960680919049,92.99121473412063,84.99223306186796,82.26897225170036,94.71349718958855,89.98087920512934,87.73974760078526,0,2,Highly Ready
54.86226765762696,62.01378928974557,63.49165153873429,68.97531918318273,54.603210137840165,53.44311151914949,52.33293670517779,54.107814551712735,8,7,Needs Improvement
99.35122472726124,99.73149319284971,93.35679580977936,94.19080973639177,90.99994294973781,85.80724565555627,85.99913356473476,83.15010498640076,1,2,Highly Ready
71.80882334059918,71.24989184834529,77.11335754726974,70.23655624127439,74.98619293533636,73.32020048951098,77.23295553659727,74.96482240533784,4,4,Moderately Ready
63.904804773179094,59.61597197847457,58.394312171973006,58.36980349436484,61.34820915257568,53.255882080665494,56.706498068288674,52.33497035577551,7,8,Needs Improvement
65.92296710643718,60.92346198496439,61.5801478272329,64.82006947243782,53.32259324034399,60.05154815608874,66.62780929354899,65.96503451641574,8,6,Needs Improvement
56.807893520782,63.767978385526426,57.228415482153714,67.93627298876763,67.10866650278024,66.22680671080558,55.51089556167598,62.43102764497942,8,7,Needs Improvement
75.52985450477378,70.84085566195219,75.76888684569093,75.32627600784944,75.22581851026229,71.54080560750214,75.62031268690299,78.11800804321655,5,4,Moderately Ready
98.97093707940783,95.42044737588931,85.2931181566611,84.21616759403929,91.44274404892128,92.36216852649915,80.60571797162862,97.77993762897908,2,2,Highly Ready
40.367465721439885,20.304626337227923,22.677206647758563,34.43067858364918,7.904022350760359,20.781087310705754,23.22210788876675,17.009628417588868,9,10,Not Ready Yet
66.49399258357785,68.55673430246785,53.35379072794296,57.66972356490524,61.10972188347064,56.74408595525683,59.39650620673146,55.81449014017528,6,6,Needs Improvement
98.90769785406438,97.28327700724861,88.36269486669752,99.25371704478674,98.04621654148394,96.26955692878899,98.6750307049881,94.42256857644244,1,1,Highly Ready
24.937985419882708,15.427024102721465,1.1588149108175516,47.261640203461866,25.272223151188577,48.33433152762377,10.757221126312055,17.644754442817767,9,10,Moderately Ready
42.14248234564812,33.626030188272466,14.287419072050877,0.40887029736204616,5.374854218560371,6.696747199615732,13.223644989545663,18.28888198877005,10,10,Not Ready Yet
91.40563287762059,83.89310603775438,91.06445853242303,81.47063499485684,90.0851105824641,95.28808229414479,85.59441355247964,99.78181401241446,0,1,Highly Ready
95.89794456761892,86.78170599905131,98.7789713391075,95.09930344585588,83.981157631049,90.18245032450365,90.00155807141287,80.90606704934149,1,2,Highly Ready
7.447033228822242,44.65658460390036,6.98904928861776,46.568436776499496,15.926501587965353,19.647729393324155,30.825024373575804,42.13009636820642,10,10,Not Ready Yet
51.29946519904167,56.96231268442061,52.97288261084381,58.49772484978019,56.53820100681176,67.1778078753936,66.69778405416596,62.32668865084386,8,7,Needs Improvement
61.39741912555529,63.98520202133352,61.50341898685752,54.06921711143987,62.322454340616545,62.15524449901961,66.14100824924876,53.65996274940597,8,6,Not Ready Yet
94.01041822282903,83.81568655653855,88.82077132369466,88.3756059633838,88.25920219577853,84.07783365404269,90.03639009221976,92.22956119783535,3,0,Highly Ready
75.04798095617775,78.98310581564934,74.3053388500906,73.39142298567126,78.61016942976893,74.13697178817628,74.798143581159,74.91645897320348,5,5,Moderately Ready
75.02277985726664,72.02380334193535,78.75619564831513,72.67853108749217,72.60103723663173,71.86550015369176,76.34489433766177,72.85336670516604,5,5,Needs Improvement
63.17920042408582,57.83449533673888,68.64288967178452,65.73079428235012,68.1829595410463,65.48308501121826,56.22814773587284,56.177346149054515,8,6,Needs Improvement
55.61599155852268,59.6234267342967,54.637224129610736,60.694402626755746,67.79443080809953,63.53108341164281,53.47091318641661,62.08218661946086,8,6,Not Ready Yet
78.14665771856437,72.03104481653497,72.09552903825357,70.90178163140799,72.97264261138605,74.25163516331392,76.13072787923286,71.23720330779726,4,5,Moderately Ready
9.972798733380085,48.195701944546784,16.058385105958333,32.294895894513495,45.39684793678112,4.473036025575816,28.706667658768666,26.757613844680233,9,9,Not Ready Yet
8.789435376943128,45.9817405925467,49.8585901544255,19.84972871391498,24.76919486608789,46.83043723888814,48.10656900416712,46.30198489482215,9,9,Not Ready Yet
52.93141243392368,68.69388999067812,56.122109742300836,68.80379046159702,60.77940870402555,59.89042356615275,67.89408903133571,66.31907529440394,7,7,Needs Improvement
72.97615687148607,76.58007310427897,75.83456804838318,76.46738356110298,70.12675776056618,73.03400961396775,72.65521831892454,76.0696102590527,4,4,Moderately Ready
25.764032947989797,4.3368884924177955,33.46279267049771,9.239060052366998,7.030593781714922,16.18008350425414,12.40235418335725,13.039263853272193,9,10,Not Ready Yet
61.48429352798973,61.31179225598159,55.70795671467707,57.471937630100804,55.253446393595915,63.02015006637608,59.37710983695473,53.874902854096135,8,8,Moderately Ready
62.4968038535889,67.9314412274262,57.615790255839066,54.97528631943699,68.23248966339408,59.607274195234034,59.18961610987206,68.79908331411556,7,7,Needs Improvement
40.09974958900155,41.28017545432285,38.092980998555355,34.017095995969896,29.790723276561142,39.36853449116286,26.275332811008383,26.40865620365967,10,9,Not Ready Yet
90.95298497421862,90.10974112185191,91.4540334845573,82.99704762764829,86.56235275484413,90.40683082369574,82.32480044369328,84.10802971078724,3,0,Highly Ready
22.6716150089891,25.662392160082074,22.8399237855938,2.886839046626238,23.118915286946184,40.345767627719624,36.16400399125011,19.797435497662875,9,9,Not Ready Yet
86.8905773312427,81.27519824224166,99.8824732095384,98.69165597769893,81.38038292320627,98.67551125169861,80.63469742046158,88.17733871638497,1,3,Highly Ready
59.07366838792834,67.5080713802711,57.79493429334178,52.4444998673286,68.35459877485235,66.74196699043665,53.39381651404212,66.48515846028818,6,6,Moderately Ready
36.39290704530641,11.134510798313324,0.17366474724538894,1.1367663660983296,14.918149435149092,33.674992888828356,27.22226695125104,26.59668042483794,9,9,Not Ready Yet
13.782486389756365,46.87051805675334,36.25119729544592,5.642231938323866,40.47390917695972,20.962029924587604,38.302673375695164,44.18783109226872,9,9,Not Ready Yet
75.34549732731422,74.01796959623742,76.04821273184997,77.84991176007753,72.20260736096553,70.39813057050398,73.95066530338714,74.85783828016686,4,4,Moderately Ready
67.4951465961882,61.36998604044517,61.394546663481876,64.90568782467822,65.73088480362276,55.26427262598097,66.77264979912853,68.74252009305226,8,6,Needs Improvement
3.047881855338108,47.42601275133607,43.98569454819415,45.578883281027224,31.2996568824165,21.360029114727176,24.781039374651048,48.61451176718429,10,10,Not Ready Yet
14.994424721770056,9.193948937362467,26.89641321954087,12.048409450553704,11.267227418995057,42.87706192865103,7.217587458258922,23.151257974930544,9,10,Not Ready Yet
6.704637552953901,12.142925804479287,10.16683665300272,32.33529257739723,46.11130522556112,42.356669295980595,4.623199826343183,36.229235615360096,9,9,Not Ready Yet
61.88945003489104,51.71185597572601,52.31011791070505,65.48371112130981,61.57650639889758,63.08610940023742,54.90629739037972,54.7600035939405,7,7,Needs Improvement
83.80047395260297,94.82950406034531,94.93758454912484,95.08661485894335,98.28882593551177,93.91252571409963,94.07537165351408,87.9326411955247,1,2,Highly Ready
60.60570229349273,57.466671999928366,55.70810929293635,60.230697720427926,59.9509912758177,52.77494816817864,68.66373222323838,59.45082759640605,7,6,Needs Improvement
51.82287806365971,66.55352714645068,64.3425428168968,51.291958218022685,60.959608143759134,61.51257418412396,63.960214879486,56.31346117513929,6,7,Needs Improvement
77.50026443758287,74.4937133413239,75.8914716950892,76.16361951111315,72.31594081871394,77.39432745723121,78.6985744052531,75.77525008958837,5,5,Moderately Ready
73.16958551498794,71.25962675722556,74.91891695853208,71.6564299557514,78.00428076743508,78.91291186791871,78.6151320452138,74.71549973863671,4,4,Moderately Ready
96.85089433650697,84.62866784154892,94.1433912740692,80.18282923381324,90.1146583938613,87.46401385373623,92.35670471753606,93.33509459106679,3,3,Highly Ready
91.03287121822514,80.23701936255785,90.58835293683302,85.49481474395664,99.54958696465023,80.34285195204855,96.2631444182782,93.4806590423842,1,0,Highly Ready
84.81937664627016,92.3956168482387,85.0483639262936,87.08882201721143,95.89872664166934,81.5803848762887,99.1859558829706,89.1799549110237,1,1,Highly Ready
66.26160783656765,62.767242952064755,66.44794486238138,64.6725453031832,52.68300909768797,57.826752400316686,60.94862591153451,52.010068904321386,6,8,Needs Improvement
77.60796815086296,75.80416517748972,72.98143555293017,78.79596300960812,78.764557710724,78.0531209092843,78.2723699389619,72.06789847390915,5,5,Moderately Ready
98.51169620161846,97.98623301730018,91.27019728095968,80.65803560306944,98.57532722509319,86.28969386453302,99.22938379752011,91.74072208168977,3,0,Not Ready Yet
55.32849949747716,66.02371008165153,58.00481893261246,67.13746380604896,56.97113711319292,64.60096676137606,53.519110696233554,68.79260324245385,8,6,Needs Improvement
58.86758855118298,66.09614383703715,57.130669436551905,64.84210176057796,68.18745114446398,58.14065488756127,64.9239884903638,51.533261861012974,7,7,Needs Improvement
27.65188624752419,18.77134979957638,9.28689229477005,29.29375606055256,19.00363567683626,38.60837020673449,14.768974035253812,12.322489065344827,9,9,Not Ready Yet
63.810188786015104,62.41021587533491,64.3137952015787,56.70020811626765,52.9179165188027,51.09351400266054,56.548814192453364,57.47851495224414,7,6,Needs Improvement
73.87881564378435,75.01286528999105,74.61196763569413,70.92963634607462,70.80656957764349,74.98797824857814,75.37232099758383,77.05994851827526,5,4,Moderately Ready
65.02504390123927,64.04718919262625,61.071657823724564,68.86914360230502,55.36936536651319,60.379881553742976,63.335687852302016,54.05103141441286,7,7,Needs Improvement
52.13880870498518,58.82417284672941,58.579842115905436,59.716163650810714,52.38458450511283,55.53059528020025,55.438621230246056,62.25060637984011,8,8,Needs Improvement
71.21940573112609,70.06090632482925,73.56122780583765,77.57452048049666,73.41900960532344,77.75978479508963,73.96200629333129,73.87554598852455,4,5,Moderately Ready
63.515261319393865,59.622175363118195,54.19747088374453,58.16831248579214,56.74447796677103,64.22773857794135,62.3922443154315,68.4197355387049,6,7,Needs Improvement
39.29332658385304,18.250776869761875,46.603357629422284,9.990002435530359,49.863246286522255,8.996360630434985,38.38089538741825,1.3458054337667669,10,9,Not Ready Yet
41.564090435518054,3.457933596881313,42.38939650194974,39.75228123707383,33.64888261977703,6.958956134817019,15.14163212553455,12.634084246554583,9,10,Not Ready Yet
49.5350307218484,23.96173498863131,20.040254866468683,25.330632151475452,46.019609223914784,34.58544329490538,27.182260169373883,39.53604585246296,10,9,Not Ready Yet
93.1520328916153,87.1001763889698,92.9399969596681,80.885933870557,99.67216411903965,93.54943791728371,87.99235492450164,95.05365555459211,3,0,Highly Ready
84.44002159098926,94.93706055265632,91.15986832686042,93.75328817594578,84.42063472357073,87.48239135610076,89.26126417105529,93.5911097509548,1,2,Highly Ready
85.90864441036811,98.41095089342116,81.71709598840316,96.62635489414276,94.60301446045565,86.9665730464295,86.86133361687253,95.68539995057394,3,2,Highly Ready
36.0996971639854,22.622359662841806,3.358717002072958,2.2341526337660564,35.53894948776262,1.1292557601556175,17.153897377837417,5.468134089238691,9,9,Not Ready Yet
72.97890689997853,73.83732445259514,74.1584874174498,77.17980209473839,75.66784286990811,71.67748232755295,75.91577120042749,73.56024140315301,4,5,Moderately Ready
35.236780797986725,10.289223968366096,37.61627476802458,40.43648943156304,3.1281875734582187,5.08760243635712,43.59896650049426,9.34799178160467,10,9,Not Ready Yet
33.535071411220926,24.474198940290144,48.295819997455396,15.670205502573708,19.431963045637463,19.6272002857196,5.711603666813908,17.599246220856084,10,9,Not Ready Yet
52.5255354352145,53.41105985371279,53.12150974790982,56.49684004563898,54.2948013299667,63.48185775089602,60.19484765076889,58.52830391180265,6,8,Not Ready Yet
24.33351078461917,26.86896349990104,45.9580498357341,46.534746885262265,8.661740107429239,8.343276191369453,14.441738702467283,9.354928998120132,10,9,Not Ready Yet
53.45762486392493,65.67388693176952,68.34892360946891,60.09788435515207,59.909457261595264,63.324540070079756,58.48134783493401,66.118052437822,7,6,Moderately Ready
95.91761779204855,84.41059012593179,80.65390173716142,84.49686833286414,85.77340620282426,95.6148039485993,91.31300922371719,95.45095276324743,3,0,Highly Ready
90.8621236418609,99.8178724001142,90.8408675823526,95.13572484874882,95.20008261784616,88.8273315945794,84.37083870020147,88.50309373474366,1,2,Highly Ready
86.97153953644627,96.33457170232877,88.78139806766666,99.87915368637235,95.51263299761547,84.73892110733362,96.21405433678821,91.7584779395362,2,3,Highly Ready
77.06364378973527,77.3217687894589,77.2489644403325,75.13066910324498,74.79052717633371,75.37171917296139,71.51539628142775,78.81100140762689,5,5,Moderately Ready
68.7387894407123,63.22738768661958,52.71405294865817,68.32989590988825,65.14243886924335,67.53783681293686,68.86475206160414,66.60685662780801,6,8,Not Ready Yet
76.40255363955252,77.4563362242877,76.85326228731871,76.08611098329952,74.40512853324074,75.19682976373745,72.41845436878738,73.72802580428534,5,4,Moderately Ready
94.9960476574638,93.8940723145509,97.54634713665712,89.09391298148842,89.76088960875411,91.63911089337961,97.37815525742401,96.94334652017415,0,3,Highly Ready
65.32220267966122,58.15888562739595,68.42631444136482,65.8472576574484,59.904869055998795,56.81157269261915,56.10467536806757,60.85158963801567,6,8,Needs Improvement
44.7077329019278,38.11270112112509,2.2971462829316893,31.3089761077947,41.83510894312775,0.8140676186372209,46.471643767376094,7.8991757487080765,10,9,Not Ready Yet
34.42959409557552,6.595654369200677,32.499859967032634,7.948873145290969,46.63627813629621,13.700972904764107,32.72939822093971,12.519463927455444,10,9,Not Ready Yet
86.11018489688462,93.98882743049147,84.68287682968838,93.1097045676707,94.07396079528088,80.02172607383447,89.53613416521829,82.65399584079974,1,3,Highly Ready
86.87148300068215,82.41187572302742,97.20680585836081,93.88062002244222,89.55400482875531,84.57893734918086,81.78662161987474,96.11913667655396,0,2,Highly Ready
53.46832730538382,64.92228870571124,64.55684041783923,53.39663216135182,68.87292279443493,53.57135520302809,60.54914897784026,51.152545355154174,8,6,Needs Improvement
10.6527725711763,37.4134418187194,45.994706232737705,30.80380063003531,22.119193471954212,10.862233894574652,44.82964728044909,7.000657078789785,9,10,Not Ready Yet
65.23937990156519,55.46015474934442,62.60317022738216,55.46700648934498,61.81798311174021,63.98123349947241,56.12857458011399,67.94302641174622,6,8,Moderately Ready
61.924683654095276,54.39563741878558,58.05151828616676,62.6310559435356,65.10842879237552,65.28800457108086,55.30813937565669,57.94594034574468,6,7,Needs Improvement
99.55393895686672,99.73765065686378,98.67848803348431,82.63965761465404,97.21628007873495,91.36760777545922,87.30824925696197,93.65884098004852,3,0,Highly Ready
80.27586851450582,84.31485877034469,98.45158577866388,98.9735999389425,87.959500477703,85.72975600191513,94.25258152202501,95.34220001331448,3,3,Highly Ready
90.75310716272102,83.05360887608941,81.67194147555632,81.58043123950134,98.41849717545472,99.48626768709124,83.10754262453172,86.53500592570477,0,2,Highly Ready
42.32340575703881,2.8952972011565214,4.3106399195744665,21.724179430300953,22.668592114857134,30.44162022137218,15.46450319367631,37.08467545287771,9,9,Not Ready Yet
94.02999222447733,83.27665261870816,99.06032403509396,90.46010725456816,95.65974203087492,94.41531036186917,83.33925908384762,82.5386121496225,2,0,Highly Ready
88.58649138688752,90.47708422897338,85.25899301652956,99.50101175556357,92.55065665797443,89.92295137870278,90.21563758851944,81.10878221684843,1,2,Highly Ready
70.92614423519683,75.1652107467285,76.5050053599328,72.05563980837925,74.57942396419583,70.39634116536529,77.7663564541235,72.20096305321033,5,5,Moderately Ready
46.558003857859276,42.87425988739862,27.643239424793226,45.69738347605645,37.033291405328846,20.968465218139926,16.09010072360306,20.812829925065767,10,10,Highly Ready
82.38801859349623,93.46651433437184,81.05344298174148,84.46370121901303,90.315482613655,80.91857194216243,88.01849694087005,97.5398247636995,2,2,Highly Ready
59.22143116700236,57.64054846474588,56.24871163180859,65.12112991117215,64.31236776120153,55.36651188396424,57.628925298530135,68.49343941271673,6,8,Needs Improvement
78.39157779284064,70.21519230378404,74.87390679953853,75.7234765556169,76.24114725660374,70.08635338067198,73.01515631387501,76.83036237892311,5,5,Moderately Ready
99.66231483789795,88.3963168400569,99.22370121775494,99.45118471934785,82.84746970409937,85.59650541738073,80.87800531406319,84.62945146818272,3,2,Highly Ready
29.038531368813292,25.271388193038792,31.860784001634602,19.71756446168962,29.594788166813824,3.1141431759979077,33.12219640769745,6.5354143220080925,10,10,Highly Ready
63.61306091378776,64.23635163808262,56.72503894678981,55.89520569298418,52.34437384444463,54.64882727302621,65.03886568443953,61.52474464447432,6,6,Moderately Ready
72.82629959030906,71.08663063364715,73.2245870134362,76.93303073844855,74.06725369226015,74.17011935550772,77.67233967095034,70.81378799243673,5,4,Moderately Ready
72.95014292996312,70.82091613412214,72.23396910515129,73.20168479953855,74.62113707840857,76.09465039290164,72.34150113449101,78.91608958367117,4,5,Moderately Ready
27.50604460010403,4.736263849602357,5.095367433092274,39.69048713884988,6.072662775202437,3.083459224690616,39.047999673548055,11.11440663438858,9,10,Not Ready Yet
67.87634816470988,52.51270963610581,61.55013753964582,67.51371446720844,52.34976925248208,68.94890567034852,54.5595060605178,62.627764120562105,6,6,Needs Improvement
67.96105189843408,51.91147861647461,67.63437105961081,58.79681479029608,64.0397552483527,59.9302750418386,57.88912989421064,58.67995233171083,7,6,Needs Improvement
74.0141028758199,71.33768268161897,75.52695919999918,75.55279448041367,75.82550560426672,74.49002448996849,77.9450071674302,74.31127836964139,4,5,Moderately Ready
9.972890333329332,44.23262581124825,26.290702912638984,31.537719441237773,40.108404138556374,39.74231221509351,49.470180788076696,39.09578834227125,10,10,Not Ready Yet
28.282555752394067,16.080220933400568,13.521784238448692,1.3031483884444695,29.855817637972603,1.4651730268317342,40.53446828519488,14.04663326538772,10,10,Not Ready Yet
72.23071348601415,72.17037515639322,74.8032060812903,77.12113490890961,76.63354123758657,76.8764475134576,78.5302223039769,75.18122897757996,5,5,Highly Ready
75.33267558263272,77.2558920282345,76.27863907239622,78.22582003715681,70.25385912754443,76.30504723016277,78.52802861563013,75.07245838104875,4,5,Moderately Ready
51.683347341601795,52.01102358242289,61.829930156011585,51.35870381799395,59.60380178699123,56.97121188433566,62.05442581792443,65.51601743958005,7,8,Needs Improvement
70.5360036656053,71.32940817087503,76.34226707559091,71.27487397916093,70.99828532798833,74.73665390719492,73.28400867167882,70.65278445454177,5,4,Needs Improvement
53.45613003943482,53.83506994830323,68.07648357647382,65.2531654499977,68.29191780663729,62.685244781606656,54.135648077199555,68.43737213399702,8,8,Needs Improvement
61.601102804095866,54.15632933982398,56.522818127363244,63.39297191278123,53.29227056502364,64.11895720684798,68.07818587598318,68.07656687729825,7,8,Needs Improvement
86.3643382372019,96.17613851540263,92.22762304855812,92.79293545567248,82.08220466027971,89.92370115826179,86.62336852332105,81.55613276928602,2,2,Highly Ready
78.66771662085156,77.39495624885478,76.03022114002648,76.56357352420599,73.02174519017092,70.10256058265948,71.88715855960449,76.23858468689139,5,5,Moderately Ready
80.96294915466564,88.76440282651551,88.39306458370415,83.32676885791898,88.28038327292829,97.63541316668876,87.02462338596939,87.50695140681097,3,1,Highly Ready
77.19275109180705,70.30071507881713,70.18070198497513,72.35014938984035,70.9425254364893,73.07627381034901,77.99138140960873,71.44814045420189,4,4,Moderately Ready
62.04560506402009,59.68926215679261,51.55787767293915,67.96396064583536,53.96994950571445,67.01555886727279,53.827867991954115,52.82264059752004,6,6,Needs Improvement
36.10190522878378,36.498700283514495,13.263238467498828,14.076153672263263,11.877414247362283,2.481772151925493,28.588490392887078,41.99272524228255,9,9,Not Ready Yet
52.57731046752549,65.83015152749691,62.251637166767416,59.64591115410735,52.74576415466698,54.72515369262531,62.48743186334227,68.58703852798678,7,6,Needs Improvement
59.47700015309261,67.10779470129847,55.77007914811718,62.553594885723804,57.97548810636894,57.678369447133456,57.86601336784087,54.358492940842766,6,7,Needs Improvement
11.312114014133346,13.42809966364748,3.0819684830049656,37.611757105764354,33.37342295672842,4.285365591995855,17.189569327302333,27.072450300301103,9,9,Not Ready Yet
20.931603746722526,26.775720598946485,43.34470068527811,23.741219406095997,44.08269347088114,23.81311405407343,3.9477524887041593,45.138860066957704,9,9,Not Ready Yet
83.45757945612989,99.68735980498266,99.44329756675513,96.16921442638727,82.52371997277079,88.467497986312,99.76559872673832,88.70786491065014,1,2,Needs Improvement
52.56649393577713,61.01455567145638,60.93697544835718,66.41923525163244,60.35438719575725,67.50891439409847,51.222548351868326,63.60741818856479,8,8,Highly Ready
7.482115979567072,28.329696352755324,29.133854343882714,48.241583235431456,5.010199891376555,5.281741009162272,38.97723484821261,39.287281515483876,10,10,Not Ready Yet
59.74052626115395,61.961318735143834,51.67438206895884,55.95745455662557,53.58934807128013,61.955794753541284,63.485902557007655,51.69808558467231,7,8,Needs Improvement
74.27696372037765,72.41725919450285,73.35196626322043,73.0407947328424,77.14286853915077,72.79854368063151,77.58561911750266,77.72411304910217,4,4,Moderately Ready
76.69351277491447,76.96627810174532,72.88781483787879,76.55919471942599,75.44481219209726,70.8035816527264,73.9754493825325,78.22089524876867,5,5,Moderately Ready
60.274854646972024,53.86150396750201,56.60021567920036,60.122314954258,53.441696778307076,66.32331613776947,66.8279866444774,51.521066867763345,6,6,Needs Improvement
89.12897334256161,98.36062138682232,94.09267890440073,85.47954996948718,96.47012583378232,90.10252749874327,92.70819618151688,82.477457177814,0,1,Highly Ready
59.02986178693553,68.28936680904518,59.54248120310787,60.92400697093962,57.196482069367505,66.0777678646211,55.65587868900076,65.95566362440071,6,7,Needs Improvement
83.2581481119724,91.44516122040602,99.2983521840451,97.14222374876604,92.94759783522964,93.55390492181941,85.38167158537914,88.19014392991085,0,0,Highly Ready
8.660032824107239,40.04324041622271,11.188501586165438,30.417194144832177,47.15024840290088,35.63702440523521,35.46840982241195,13.76892791085198,10,10,Needs Improvement
23.334900774860785,33.85980781936567,41.21554107353318,19.85762699860601,5.115605148430008,25.57568587341509,33.117772626312615,42.16419750428886,10,10,Not Ready Yet
59.67129153869351,57.053105769980675,55.9766984994017,56.8524672650311,55.983928745244775,62.81015289425618,68.13938036607749,62.72639643682719,6,6,Needs Improvement
77.24886840370176,77.2212737000753,75.40029971031015,75.94477291313017,76.12680175348643,76.4915487783335,75.89860513416197,78.97722189620467,5,5,Moderately Ready
1.7659502413212125,35.40344796879356,28.60212170184206,9.495758020567536,36.327493829045174,11.118159698813447,26.731755077210657,39.24485276480585,10,10,Not Ready Yet
77.888453059079,71.630222720236,70.87842757431439,71.15149725726448,72.32786665504187,77.27509482228223,76.86626396487372,71.64761521311335,5,4,Moderately Ready
76.69788936408527,72.76376744198987,77.0928139312684,72.98185423273699,72.34503311865133,72.64646009485308,77.6609249939027,74.23482910903613,4,5,Moderately Ready
77.80747979228407,73.43502297825029,72.68520178435718,70.48655773578318,77.6881579336301,71.23628733255812,71.80266931715629,73.68272662076893,5,4,Moderately Ready
54.24642184392319,52.454606404725126,56.987330044497476,68.75952670859424,56.6414532916321,52.044244588053544,59.13695811423288,54.7688826300314,6,8,Needs Improvement
76.8721225039495,70.7923720938314,75.53031764852555,75.70138786632334,73.63054132358155,78.6879505611703,73.44984778048115,70.33952786627444,4,5,Moderately Ready
95.13695475954245,90.6206757114197,80.35832251261893,80.08247667948707,94.6720648182665,84.52531422578167,97.539702705197,86.24184520973724,0,3,Highly Ready
65.82918893413938,56.3676405628945,56.23490025257076,64.10097440604264,61.73465853507904,57.081032721742794,66.98353278906674,68.91850337690272,7,7,Needs Improvement
53.96790316004692,67.32409625148547,65.61614970312304,51.34424519621975,55.037784539826504,68.72783144087869,54.8014241249366,51.39443889718109,8,6,Needs Improvement
93.01080760242449,80.74726855385191,97.53088275198952,85.11578347850586,90.69466868387681,80.97173923163474,99.8936046731413,93.2393983167579,0,0,Highly Ready
87.60507525855229,90.94564769457851,89.48792676655475,83.06254196248872,93.90384058441818,92.60622680325874,86.02232909513585,93.23329152181444,2,1,Highly Ready
5.2457118450048466,35.93831122580839,5.886728421861964,5.700627634212396,5.313185415319749,9.93233308531411,9.987469307317925,13.149695780686594,9,10,Not Ready Yet
1.9702853814284327,24.817735668404634,10.38469921358075,46.656217232593875,16.53018080983507,0.13689995286963463,33.581656623260244,45.3440022134896,10,9,Not Ready Yet
81.50096427255326,94.47152496893563,98.09558767913164,92.88673583137397,89.13502469489961,99.54581905842159,85.28250045542082,81.00160391625894,1,0,Highly Ready
63.18179757616466,58.66791371474954,53.086218965872916,66.32242621218914,67.02525620777908,51.174101899087255,53.491099968108465,62.649575271228116,7,7,Needs Improvement
43.923776869873684,4.647565771871115,40.74821447682482,9.143471015182136,20.038875714037648,48.1154965074877,13.591654537509507,19.28577448796571,10,10,Moderately Ready
76.26552886171416,70.52781756098659,78.4822028919991,71.43455857733949,73.74424944967807,75.31675272691305,77.22038305640586,76.10553822624286,4,5,Moderately Ready
66.52636394143369,66.83910443703574,64.09101542474332,67.0517304267868,59.695433814578976,59.786209985858754,66.97669070514378,58.93238184472547,6,7,Needs Improvement
66.62998089345336,60.44672241669534,64.38522862180831,64.0279237789677,55.0317285478273,68.20370574338136,66.71658414668896,60.34379422229422,8,8,Needs Improvement
94.53303936847702,89.6385935464128,93.27421287839049,92.82808905614564,82.97308904514209,96.52875640367631,97.8412376326012,92.25828022577853,0,1,Highly Ready
43.4707817306384,3.743262123849239,24.58239805722006,12.044590834861557,48.50725243917001,2.517535726327197,11.135326158439952,32.16586574116259,10,9,Not Ready Yet
96.02522575453445,88.96197171330748,97.13178448356035,88.94136239827596,82.37413704107266,89.94746696133002,93.06746006276744,82.05286642960304,3,0,Highly Ready
95.83566570344615,99.2634249656001,92.75076244839995,97.80221797650125,91.24665144187975,93.09191967121875,89.12415846442508,86.81708400895334,0,1,Highly Ready
38.37081999322696,29.99755757791313,35.8329034064588,18.164727358487802,22.626622808733345,4.871851116165499,32.9455126903009,0.10984738966715035,10,10,Not Ready Yet
51.82400597739062,53.95479661869704,53.52808537180048,63.90341002766189,63.98806371812368,52.92530709935134,61.99533179049631,54.375781209568856,7,6,Needs Improvement
9.528938202853466,16.896677429886807,37.85746709051369,2.325018095458492,31.662023379454844,33.60708862126287,6.160959516519743,44.58771774564109,10,9,Not Ready Yet
36.81069651565388,27.66131644521217,21.640518992698233,29.256035567422195,46.21854368907694,39.05407485409167,45.50907432183714,34.59088563120156,9,9,Not Ready Yet
92.01092043610822,97.65391727117355,90.08220238706329,87.69325277487408,99.59001520410087,98.31820483394199,95.24749312523585,85.47191759912222,2,2,Highly Ready
6.9090002822672805,30.12622248381908,44.32184277043747,25.614731125128685,42.15372156407472,27.390298567975886,15.695539754582327,36.840932419714356,9,9,Not Ready Yet
72.61521545931326,73.10764222808723,76.05136341746186,78.8320194661138,75.8507774902628,78.62493807524677,74.53504095138925,76.24880776354594,5,4,Moderately Ready
61.49051287972545,67.96812571591758,63.78222536679061,63.13638273970513,67.08958802480257,60.61025046666491,66.79459022917911,58.602954645078526,6,8,Needs Improvement
82.90653423265591,93.40508357533884,83.99804834529434,95.00370037340107,83.2187078868646,85.7323109631822,85.01122014916366,96.78763628930342,2,1,Highly Ready
89.05189009047747,92.32217667520572,93.51052027039118,91.23769966734073,84.48614772296142,92.94238888640263,87.77773324215345,90.21844607357788,2,0,Highly Ready
47.835098500591336,48.79113610280631,15.632699044731707,27.606229876653178,0.6482618837319154,12.567056418615286,31.02808478059245,39.04624464379427,10,9,Not Ready Yet
60.83907246062235,61.86096559119555,64.97064141220199,68.35721681626856,56.29519899248085,54.19366617278874,63.28785933062763,54.36557846758183,6,8,Needs Improvement
88.57015628801469,91.13197241190666,82.60133060230744,91.67972115367863,85.10032296264843,86.61125577484538,94.19378592632629,83.09611395596572,1,2,Highly Ready
92.50733325117956,96.86279962389025,86.02309636630876,95.7981636483486,91.00320359439934,81.4576159095811,94.1536312278895,90.50790134369761,1,0,Highly Ready
74.83332357280518,70.8275099854516,71.99078272991308,71.92018429167577,72.98695163413583,73.2471804219646,71.96600757206063,76.77390120599065,5,4,Moderately Ready
88.91334492569385,98.08992916975384,92.27402194121589,92.42263395247268,99.17793632147867,93.65102721537056,86.41874021014164,98.31864860597351,0,3,Highly Ready
56.090921897029155,67.40404667931513,65.7979631563194,57.74924475891562,65.45070127514929,59.02002415629092,51.789329896389035,67.16906896030537,6,7,Needs Improvement
99.43257539812866,95.46637036472184,90.66411644329587,92.53866151950834,84.2156294987105,92.59028967821334,84.26350263728959,93.70810366037628,0,1,Moderately Ready
46.987555575415676,37.344541283713106,7.687728860882276,22.961261763002085,16.58576877336439,4.37604489670993,2.713403544572052,39.71073934879452,9,9,Not Ready Yet
59.12026194739275,58.28006437267699,56.695276426554,58.0110336103989,53.12950370927914,51.106180694294046,63.96514225848234,52.13827663367458,8,8,Needs Improvement
81.45178889597955,98.56095500332668,82.12271083739945,95.7378379532514,86.02701419689743,81.73010442875585,95.30548482040925,88.7535229893645,3,0,Highly Ready
10.993286273025515,37.337695580345596,39.838521852152276,42.47337190275061,14.748923465659564,31.70228345098925,14.902825160804777,44.34890594861243,10,9,Not Ready Yet
70.04526855166604,75.36989398707998,74.83436843699015,78.52281450305985,72.74222037114558,76.73466928059514,78.13191738377091,73.09466484863782,5,4,Moderately Ready
75.55196430916142,72.27467600069147,71.03160287910865,76.03880120215521,75.1056338002552,70.48949475334949,76.75937632762886,78.91068780384077,5,4,Moderately Ready
55.51237706666919,54.553516664062485,61.4507217613565,68.12771831419555,57.42849046221281,63.083320184040915,55.22159127742656,56.13246858977738,6,6,Needs Improvement
56.91022940795246,62.86960051582872,63.48224632825746,53.7431093169744,61.203514073497665,65.53859576354918,68.25586059473108,54.035511196307645,7,6,Needs Improvement
75.7675468990588,72.49011851520085,73.2353739977535,76.11622161862817,72.98406655267605,74.31958573434976,74.00822176209594,76.97290265373324,5,4,Moderately Ready
70.7377632377754,72.52554345673637,77.43799305900943,78.02167335039051,71.76788736409777,76.60190155340003,75.63956996566178,76.54682830481678,4,4,Moderately Ready
10.638034308814841,1.8328154651798267,13.030816072027873,44.69929672730274,26.983855840602494,32.69540696412222,7.43164918043413,19.62491729233661,10,9,Not Ready Yet
4.527701212758256,18.193277903708545,0.5295841629350484,11.94404022692957,48.200013416461665,49.09265995548515,34.2080828420235,37.86030356367554,9,10,Not Ready Yet
78.5384064845168,75.93471976257679,78.70962003853762,76.62327827951341,74.35153074154688,73.22915984961226,71.96937205533125,74.38877933536283,4,5,Moderately Ready
63.034540800168614,60.321934136294345,65.24628822879885,57.98567597906393,67.52223499256061,66.86793566372897,51.718284574528155,62.67344547683955,6,8,Needs Improvement
55.73968924891476,60.79830111759068,54.1292966960361,62.76615563640992,57.575342003838855,62.7600578380233,66.0384432181796,60.29993215597089,7,6,Needs Improvement
43.38597109356236,24.34307813370878,24.105504485656297,30.210549014284343,25.09184922353709,6.948415353856497,8.280291121449606,3.8544112870623426,10,9,Not Ready Yet
73.26000649793582,76.45572437608686,71.06497200541189,72.07311699339392,77.30055366435664,76.48230092987454,74.33364984450537,74.30933178448073,4,4,Moderately Ready
2.157216566758269,28.674325567613412,8.0564570183769,31.477021244407748,1.9595432619741782,28.613464961523228,2.7956002080222087,12.912982300835424,9,10,Not Ready Yet
94.55948630895392,96.42606620244005,98.94507737245388,84.3318683578377,92.13051795851824,89.42826909829712,89.63336798110109,84.38727629637175,3,1,Highly Ready
74.59724417612468,71.50949531434239,76.17032047423751,78.30116750360453,75.36880026247624,70.6195860733712,73.4039021690872,71.18991878611692,4,4,Moderately Ready
30.275550893060334,8.871109215866468,45.080410918127065,29.990689843534142,43.8876318871484,26.571497508633584,37.619157551793904,4.659498290062297,9,9,Not Ready Yet
18.518872512439007,2.171914166824074,26.49082594698528,11.474312818952509,40.11500980039069,39.47777925754773,19.061824809952753,29.452404307060327,9,10,Not Ready Yet
76.89273001322609,78.19076821007937,70.7543582286641,75.38463114865792,74.89357919750974,72.32024478689722,70.04922508733227,76.6928111322582,4,4,Moderately Ready
84.10837392326694,96.08574305711713,88.17690154347864,82.13166432898917,88.5214317815864,91.70740369761478,85.22605789526953,90.72209781759405,2,2,Highly Ready
20.66140791479682,39.18942084817687,24.12338785034403,18.51064844395735,27.745567814916427,12.688882272134816,15.332654333729723,17.217815210742682,10,9,Not Ready Yet
88.93189754830439,93.98622884590107,83.23590235416273,84.2891628307616,88.01121812851446,86.76875692618694,91.01152429193635,93.9411481744892,0,1,Highly Ready
40.21846804435871,41.162773275870244,23.583433004417188,30.012272087997733,4.407034465700555,13.154599898222925,18.5417563021331,30.45144306039636,10,10,Highly Ready
61.75450614865373,68.02288544122094,65.76411721970797,62.52524366154246,58.901496873742246,54.63073037050826,62.823916008723174,65.47037836407691,7,6,Needs Improvement
90.21095700797642,93.96899465198382,92.30379971407099,93.4804876202436,87.19479996550928,93.1003823876809,99.51291801891398,81.73685625148075,2,3,Highly Ready
58.29811740330937,54.605586896236005,51.276597404961734,63.665194639825145,67.54519357996423,60.892667763835846,64.07049677473132,61.064049605057846,8,7,Needs Improvement
55.073319233317235,68.33502851055155,59.18566215585805,58.27121645471693,51.08372612819027,54.150626162651356,60.112285732599865,61.05535283165386,8,7,Moderately Ready
68.22076829253496,66.7700348323752,65.63665229291473,61.34808981793036,63.4954535064834,68.3889982013959,61.13703486848874,64.859409469209,7,7,Not Ready Yet
43.101163963731636,24.0985081032918,12.89098824097002,19.13366229596056,39.432800931557274,11.019116147202613,35.05880505961557,40.00806969245176,10,10,Not Ready Yet
85.26699382785822,85.74579165771743,87.97861273194817,94.97576263860981,86.83985755980444,91.09103008082452,83.56971494504145,86.27745559119253,1,2,Highly Ready
78.37229737035443,71.71150748052443,76.63401023147254,72.11375234737145,72.17850866060468,72.38864835993206,72.06286778915599,77.51446432059451,5,4,Not Ready Yet
81.56975145277562,99.11559368124963,89.85329726544424,80.13247352305713,97.14178674541026,99.1598618093525,96.9602119151193,87.42393070767335,2,3,Highly Ready
68.71910428819598,67.48812293410603,56.04479921729737,54.99767009543664,61.37997335425337,51.97466708319811,65.38685852003965,59.60976137901678,8,6,Needs Improvement
63.35409563754701,54.14640651814288,68.57712951426674,63.56840222573051,59.28127062083574,63.40578988307368,51.21275961498808,54.79354294262606,8,6,Needs Improvement
66.51315641905825,54.368743955151295,55.731282623622604,55.849348131449645,68.2534827071094,57.175736282666286,54.3104461355348,58.63097184739697,7,8,Needs Improvement
58.21066675360003,59.11312184660141,61.28537492722649,68.62690413270943,63.34821441854687,65.6554319545452,63.97467826946887,65.47357645812998,8,7,Needs Improvement
40.001872911731866,36.92710069922658,23.649351226414872,0.4871145548698552,21.076033450513265,6.723584233061136,44.66352047375959,31.532599224525303,10,10,Not Ready Yet
66.45303568408654,51.85876747348334,52.781546387298235,53.94015384525549,54.87841184920613,55.577214290035585,66.10149076087416,52.73343396259387,8,7,Needs Improvement
61.086300626656765,67.77320236399983,55.638866858143544,51.35703600504768,53.18227480590067,66.61263451153447,68.33609809652245,54.58124599146372,8,8,Needs Improvement
73.19598134551802,76.05873556132615,74.38744369873926,76.6287354828594,78.00669204224398,73.42963898571561,72.5787121890021,75.68540971435122,4,4,Needs Improvement
62.02158248640207,58.285908961893725,67.32731492284084,52.42401469436281,57.185258776753564,56.64267714100933,62.75423575374793,63.78780273209887,8,8,Needs Improvement
22.244919382398585,43.14032418235013,18.158242012521438,29.34598867630053,48.27630164112473,20.699453043683658,9.1943099551692,1.1550546158253794,9,10,Not Ready Yet
87.94091166600724,81.91107437965161,98.73587323407695,89.4637159330299,81.07650876438095,95.4186741109211,90.47965582683628,99.92027462769317,0,2,Highly Ready
78.38430622197123,73.5086158721472,72.0642035992933,76.63833905426843,73.98844384132569,71.13770536468546,74.74068104137972,71.53547185850994,4,5,Moderately Ready
59.40948258004835,66.6761689166018,67.82743628996208,60.873814940506286,53.432068343846204,68.07275037882634,60.70717623223855,61.634956678424146,7,8,Needs Improvement
31.976412435540603,15.48306640569983,17.358415008206546,26.98340610680298,40.23538831232265,22.093015278826723,18.289166097418892,12.990352196886217,10,9,Not Ready Yet
95.16586897491611,82.72600909231379,85.73524496990412,90.70197776083903,93.75539927513725,89.8386330823537,95.10945401744054,85.99221035974213,3,2,Highly Ready
74.93390976162847,71.69713881392497,77.93945861641309,73.9339572977481,72.2490650599407,76.43444184686288,75.81391719361774,77.45584170077161,4,5,Moderately Ready
84.79123629877121,95.2907658815323,98.1990880687857,96.15149880855151,93.69280580757038,85.69353709346906,94.85853784262304,96.17617298198074,3,1,Highly Ready
85.79190598582571,92.73785419096694,92.3545882780503,85.44268260903249,92.45507560551107,83.75578885088022,80.38790794493993,80.99264144446197,0,1,Highly Ready
82.50078405666291,88.76833270894096,80.16408178699173,81.80393966297562,80.29449693762952,84.34376170365704,88.40486054294954,95.71450677506064,3,2,Highly Ready
1.586856070998549,4.011154861579197,37.52847908125968,7.304391285791373,13.325178912152685,19.621088754901546,27.159597527290423,9.080186930370438,10,10,Not Ready Yet
95.36291341702379,84.97924721014468,95.42450666054668,88.8592188428584,94.75238025107018,80.6702058314055,89.2166927062456,95.41991935580377,1,3,Highly Ready
15.605468279203489,16.153159424145308,31.458212706534965,2.109295779736553,46.87104618161169,26.04631264587548,12.665637016754443,31.92600060210119,9,10,Not Ready Yet
84.35576498110206,82.25856918632475,92.6581793180349,86.49026975260193,83.34720712816572,85.52200087676896,82.39299184021478,95.78287560389776,0,0,Highly Ready
7.749597121551133,38.539850000098305,12.436112820244748,24.995960329250078,34.297232187779564,16.92110483752518,48.482585324709525,37.97800824982387,9,9,Not Ready Yet
63.62390652041405,65.24639239857383,53.264894237974076,55.188143355409146,68.67016279734901,65.19411286416373,64.620555417625,65.49945677855854,7,8,Needs Improvement
73.39992042797437,76.51959242085061,72.25626616990542,70.35539688443929,76.35963381035253,75.03122311571562,74.88460669125125,74.4108279623686,4,5,Moderately Ready
55.95584033144946,65.96429268104016,67.46053203560483,60.981365582989014,52.23977850050087,53.79045860535589,56.322107901793224,55.740286840117776,7,7,Needs Improvement
90.1191546587711,94.67315482877706,97.65864745061396,92.39469213140447,87.28150394201525,92.40394625645675,86.41388188615494,81.26683513198635,3,1,Highly Ready
7.706575696557477,14.156454176679267,20.490226388314337,16.10120278241639,4.812814862728315,32.944551507636845,2.188863171336558,46.88997683293159,9,9,Not Ready Yet
71.72454976207601,70.28635434909991,75.7757650131486,73.49738937557706,74.40918674120599,75.61573435598483,75.31270820873564,70.44177064521004,4,4,Moderately Ready
93.11498723796092,98.56807438876737,96.64155395030332,89.36118286863267,92.77833432863656,87.21852102250156,94.86954881820736,97.80861220001476,2,0,Moderately Ready
64.21740608861288,66.02021696768911,52.40283674748885,54.88620113797904,60.35073491743316,52.822052173712066,55.158324059619744,57.93595958806789,6,8,Needs Improvement
78.52753010101677,75.02581132011673,75.02327446443336,76.71497538648268,76.89655078014448,75.18907293097429,76.07043307370309,76.32295374562726,5,4,Moderately Ready
74.94968919913481,74.54223502455366,75.91778692918709,74.80510429282414,75.39924158146314,78.40167972572831,78.1223647358745,74.95073208155607,5,5,Moderately Ready
21.529403636662277,36.29338418075849,30.42066851285195,28.157235140214205,10.69640680218602,38.28541098171424,46.30734612963287,12.704456359151205,10,10,Not Ready Yet
1.7331451114104945,14.224108530492641,0.8151223948632769,6.754285467197002,44.516227879316226,0.3284414486340981,49.21972126584004,10.741140639677798,10,9,Not Ready Yet
61.013815539121836,67.66660410381118,53.78486615193761,51.67925340150786,57.401803559138834,53.49134748257538,57.60749207446915,61.47880271447766,6,7,Not Ready Yet
58.19636847259975,67.52187246020043,64.21678716979643,64.02444948140126,65.27227549765703,54.112244835413804,65.86269439892794,63.41271181889819,8,6,Needs Improvement
65.55014109889497,57.86782998899067,65.04219434415258,67.59368693736364,57.019013600518875,66.83626504770331,58.81747914476239,67.744429510988,6,6,Needs Improvement
92.64387240744932,81.08255897533645,90.48766703027222,86.3863308042183,91.29825787985027,86.53663255310083,93.95537305188137,83.06394965209363,3,3,Highly Ready
85.79566058313374,87.88644807756131,82.64378090741756,81.65090225277166,91.42881181021258,80.98622196140177,87.98382599093884,81.70157974936471,3,1,Highly Ready
71.78297674947045,73.55786923222419,75.14197614613842,75.05050848829725,78.97370890245594,74.71823004049222,72.18083582553861,72.39631381624153,5,5,Moderately Ready
88.27164104931661,87.30535288874921,83.80979483138596,86.89049819020586,93.10819715622169,95.39362584126276,83.38510528022825,86.99432799461796,3,1,Highly Ready
40.90859600659072,9.984260680287788,18.691039516028468,37.88668912965311,42.63820725896002,5.618587039255213,2.726900668087712,47.44704575128944,9,10,Not Ready Yet
96.08561547268599,86.1023610010835,89.42380607467116,86.63753438130163,94.80025970012031,84.23750627097508,90.92848427940396,95.00710297504932,3,1,Highly Ready
98.12080572002058,90.53598181061179,85.1091268912434,81.20220099151337,84.01392114001341,93.93053376942348,85.42562902764756,89.2992163680133,0,0,Highly Ready
33.149081786007784,45.64343901727362,18.010957115993747,5.394571654155222,14.624778876979066,44.17011575751422,19.326161306786766,48.98964255329266,9,10,Not Ready Yet
26.57803225816066,9.32086937087595,25.032541143443943,22.899313107389034,46.31749865132168,1.0744229107172765,12.369606987487563,26.470768192755994,10,10,Not Ready Yet
0.9186112682446457,34.21556776460747,17.768906662326668,15.116310580151065,49.79972056234042,48.929391243029926,13.79391394998612,3.1004848427297005,10,10,Not Ready Yet
84.5116539525551,86.83572305696835,87.85693193330344,82.74521352168843,94.59779327842699,90.41435688147034,93.55989793128497,97.45402941488096,1,3,Needs Improvement
73.838184973112,72.81144487997605,75.44831996383937,74.0425226679452,71.18594919041406,75.87225381469122,75.2292763059749,76.15643772632588,4,4,Moderately Ready
67.17557705513013,67.37212887730111,58.74115736724693,67.36203771504748,64.86089995959955,62.81217155452474,61.167197171658415,53.844862503669646,6,8,Needs Improvement
96.79045019740434,82.91045661674134,80.58966692767069,86.37374891044675,99.45792070240381,99.22392374444779,86.06696209952302,94.91219459977276,2,1,Highly Ready
71.66271846917111,76.86202735359669,75.50783437902122,72.40176351704032,75.10338783645076,72.07820213859712,72.08964280842402,76.18640096660525,5,4,Moderately Ready
42.306911798086674,23.438174915320843,32.47842765374459,9.19882388864809,19.37301437983125,23.692346042958167,8.189318773619764,11.313653004254975,10,9,Not Ready Yet
64.36259990993219,68.78838151433322,64.63997861506132,52.19045383622801,67.6878577112003,68.74129751255462,66.60832204749487,59.81897217319555,7,7,Highly Ready
76.98593247217265,75.47136962129166,77.41895663308625,76.48180822145997,73.54735637831348,78.45225219936826,75.14741006004998,74.82543446665314,4,4,Moderately Ready
43.888348356789315,43.88899691247804,12.286082475894183,26.893457172666185,49.191532185364544,1.9625811121243786,19.369892595755562,38.25799362013062,9,9,Not Ready Yet
66.91915636868755,64.92618622554227,56.146462591769165,53.996758830579516,56.29955505606843,67.54259075955927,63.419153253029684,67.26616163969274,7,8,Needs Improvement
25.03288951261773,8.988569594446993,29.272386036009507,44.71640091244658,27.320355227331323,19.65333574025307,16.173046622755322,1.2456056396955906,10,9,Not Ready Yet
16.20373900671207,32.42882151423486,35.573487280490326,8.19970135330212,36.66311656070658,4.559562025280645,35.31133549265505,31.703620911741027,9,10,Not Ready Yet
73.42546308335032,76.91434291405949,78.2102750093992,75.08942420662753,75.93577306541839,71.3508076105946,77.81936683730383,71.60980088205942,4,5,Moderately Ready
64.83534760249697,59.032648214683306,62.276151293907525,53.11597161124464,53.36827857261754,54.65133069503003,62.20608590377215,55.55599755212471,7,7,Needs Improvement
0.28752744495269544,44.13514602685973,11.893917700973839,29.44311635921546,23.785599490157693,20.507568285567817,3.9702458684208075,30.00510521477946,9,10,Not Ready Yet
71.33430551361721,75.87949190393968,70.3304894664017,77.6844635851077,76.00296888651576,77.54212992213346,72.68597391977906,78.28346228442582,4,4,Moderately Ready
33.604524763070245,30.5544878024327,34.575680904033334,29.74844931523598,39.365378976679295,8.870963367183975,22.766891401013282,28.948314622114836,9,9,Highly Ready
67.15553597227415,65.76476536108554,64.65195578107111,66.17957334152221,52.16866559737167,59.474703195853714,53.19641814010702,66.46934293910513,7,8,Needs Improvement
34.79147486725858,30.602687246421194,5.465111721816313,36.48642598813397,31.448929953927774,49.359463187929144,24.18314916047235,34.432713912717254,10,10,Not Ready Yet
61.3525684022191,62.218394639859795,67.68789662670223,62.05721965527101,59.935144658049225,64.12532539198872,59.95934005726188,65.54364647893854,8,6,Needs Improvement
53.12772842073263,59.367941418724456,65.34118595810729,64.27443076122744,54.73195505434393,62.07554389522795,58.46337766537622,51.81885941332773,7,8,Highly Ready
71.81068425037081,72.53464032925484,77.11175952561591,72.76995294319508,74.56020664386408,72.91531455444763,70.05518136191763,76.17252209782262,5,5,Moderately Ready
83.88031159796041,96.67650600343002,98.44559530503645,89.58216546716736,89.49000906903362,80.71116501773182,82.71507791899077,83.10772577333458,3,2,Highly Ready
20.69765326670929,37.12923230827684,41.755286798280935,14.967187331968034,36.24820771746249,15.775142071834653,26.794273785769352,10.413123509808491,10,10,Not Ready Yet
96.81478307115631,86.78304835909884,87.50481555260879,90.68546352422324,83.31938975617015,92.11378177844975,83.74757820296166,82.3368927634647,2,2,Needs Improvement
81.73595569983935,97.54097465241585,87.43167153774296,96.5891493783484,86.05257410051523,90.50200839375232,83.50025491598714,87.48431381358861,0,1,Highly Ready
80.4986954925992,89.65326382293638,90.00108616859879,83.80423357190429,98.4727353578019,94.64882133511887,90.47255923008304,95.51066418399482,1,0,Highly Ready
70.32897283236917,73.48829394149107,77.78329182193505,71.04252388355873,72.79883186065433,70.39626967298591,77.63311621806464,77.8468758373237,5,5,Moderately Ready
95.3236036984599,94.91109450347436,80.44960522317288,95.16987641336664,92.77701704086894,84.19691373718982,84.0111102450707,85.73134754250192,2,3,Highly Ready
83.14992029572083,82.28920787800203,99.16596109016909,91.19251527101706,82.04750585654041,90.85057427738877,90.98731313921286,85.42104201638055,2,1,Highly Ready
75.51936595164379,73.04865003276761,73.99282874507111,71.1706660185824,74.23662021107697,76.07946344058293,70.9533422697514,70.48419888150003,5,5,Moderately Ready
78.02148305129116,75.6652362087784,76.21112407218135,74.01252638956039,73.20061881700133,72.99098886070384,71.78332424473828,76.82562291650349,4,5,Moderately Ready
77.22115448323787,76.28739468168082,70.8753669716437,72.79352516055332,75.79976748967128,76.89844145766324,74.2349128729496,78.52703443180137,4,5,Moderately Ready
63.59306317948371,62.973251133754125,65.19801671426183,66.88327002410367,59.1590952185923,51.54475437981318,59.55601851665949,57.32593477231068,7,6,Needs Improvement
61.87992416578687,53.29309203582327,52.85277978556117,65.71595206005063,65.34163992051529,56.86565510936601,62.690125430201235,65.26375691174064,8,7,Needs Improvement
11.928764589456781,12.184553052465997,7.951014479209379,24.118732803991605,3.3029967325606036,10.411907290635892,34.7029930319526,21.55742488217129,10,10,Not Ready Yet
76.026446764924,76.6543034045232,76.40717939412366,77.53073374464864,71.02890574432513,75.36467944209409,72.92840284851036,70.87888518272494,5,4,Moderately Ready
61.76866526869985,63.33915627489388,61.73529747042194,65.75758311763703,56.89334837270761,62.6098040780646,52.1066799881279,54.91701192190204,6,8,Highly Ready
93.21762787539012,89.0594884054744,85.83006507009009,92.31144332556894,88.94319537217417,84.11323363803577,97.54850705215301,85.99470668588226,2,3,Highly Ready
51.146146543374904,68.75558967283092,58.275553489159506,53.29600254703382,56.29532393160008,57.64601208433034,60.87993245886409,51.95629160117492,8,8,Not Ready Yet
56.079766434298705,51.561325358110224,58.770879020094824,61.62294974250219,62.253857461558965,63.811925730781354,58.30858778110274,58.83342087128861,6,8,Needs Improvement
71.69404154269989,73.46135551921985,78.32033838512444,77.55966418054044,71.38840561804352,78.97710438709424,76.0305947373058,71.20849703330119,4,4,Moderately Ready
74.38031203241155,73.93061604182999,78.91195877806828,70.76197099860744,75.7801860962322,73.74269919649791,74.1042578894067,77.10035582079377,5,4,Moderately Ready
27.602501519050975,22.502288365630324,17.765361527257006,9.289551684547902,30.228662866141644,28.896925038902815,42.340194333684956,11.837498363900927,10,10,Not Ready Yet
51.681570576330216,59.69882637774859,57.634414777435055,61.4448380669027,68.31127949378603,52.44113590238671,64.14333845051584,60.47534496862012,7,7,Needs Improvement
92.20141218430494,84.90462608224922,92.61325698222012,93.27473878270553,93.3743427810195,93.68148038293238,90.78394424886974,91.59256880171593,0,2,Highly Ready
90.25326220781432,89.38464784234245,94.67629094891458,88.4203221429757,99.2116260495425,95.96446444013982,85.7841688644153,80.70652480349708,2,2,Highly Ready
91.56282174126494,91.45719990903436,93.12639772748423,85.83506417407033,94.74760154252007,80.54596175056929,89.69520376362058,82.5364267089361,0,2,Highly Ready
56.0574947666668,66.44145091343822,51.25565418113563,53.007889277255444,54.14304925786232,61.6518622584746,53.720441042369615,59.039757018207034,6,7,Needs Improvement
77.19434805770591,77.75812985224884,73.08563195807223,70.75961319138192,71.30563226610346,78.40547669228549,71.38735268666244,74.46353448014595,5,5,Moderately Ready
76.53399182661006,71.50554934812867,75.19981654442287,77.57649731714787,70.48893207893036,72.37955946325775,77.37577908518873,70.47270877293053,5,5,Moderately Ready
37.3075272695168,37.621392653308526,26.626041618608426,18.99003970753772,35.2803902291024,23.729479038203188,7.257491547779038,43.51388679248628,9,10,Not Ready Yet
15.784431234658774,26.51267114388805,47.79353739359141,4.868216036897949,26.564667611354643,17.691404728659855,42.21196414224277,30.52427840159908,10,10,Not Ready Yet
52.768982191355455,62.77817906823145,58.040767746418375,64.91671827551156,64.48363641166944,64.21764220367385,61.597037239886454,54.50866232334928,7,8,Needs Improvement
70.0952019025029,70.07628549996916,70.61156759491304,73.70123889952369,74.72737837534521,76.16949597011119,73.16364777814408,76.52725590429957,5,4,Moderately Ready
81.83882565153866,98.77010935457625,93.13211037128671,96.70918274176489,99.00977918496504,92.76165770318957,94.16150211659004,82.39954219555652,1,3,Highly Ready
76.2608827029047,72.28002164997993,74.20260019558891,78.42563853920569,75.7490245705917,78.30425851760228,72.4874520594197,73.84285058997567,5,5,Moderately Ready
72.49558733399178,70.56148641888194,73.49731384958247,78.96362710401809,72.32414745241739,77.31520777480291,71.60136537972967,70.62458633203428,4,5,Moderately Ready
70.97587421756128,74.86568941115115,73.88128218774109,75.52569661878081,70.9562474058083,73.97423538147362,72.33096630818832,70.31374805164542,4,5,Moderately Ready
24.88506888928051,32.643266633277854,0.04338209811364235,1.891781637298251,19.524191046668765,7.580373697003423,16.491543466082785,19.56651828238377,9,10,Not Ready Yet
42.20245768419184,39.046851848168544,39.26908525455731,27.006435850950645,0.16536801473195362,47.707767296307274,40.89883296930413,24.103317082376645,10,10,Not Ready Yet
62.38090547879252,68.25882996355995,52.63200554681119,60.62327333808062,68.29665939600117,52.44822212413899,59.27350836759921,64.79714561417144,8,6,Needs Improvement
78.70761664552595,75.94660679786674,72.68983310656951,73.5109425266694,70.9609121507075,76.19958324159198,74.37853187891663,77.96692739199938,5,4,Moderately Ready
70.22828144936004,78.9674520368614,72.14636618199269,73.49890780126253,77.13465254653221,75.79066873915178,74.49715736363426,78.68458461395095,5,4,Moderately Ready
86.7543720882801,94.42023978275277,88.11015711995768,84.23356351362224,93.07699869086093,90.46239278590238,98.80179579229322,97.40400059137573,1,1,Highly Ready
82.8318094445608,93.07663053558215,89.42439271616621,98.36038151657165,80.9160338703815,94.0259362233857,82.6107546708532,83.44498017916999,0,2,Highly Ready
83.41378775765779,91.82084978579843,96.35600355527853,82.12662400516565,89.942869930711,95.98350444668957,84.41145048485846,96.08907061854617,3,2,Highly Ready
48.79266347143366,28.79835052262425,6.866470099087757,41.82135461445614,39.6550834973275,38.211394118363614,29.654262652042373,16.77518638343434,9,10,Not Ready Yet
71.51245767821865,73.32934609041116,71.48505514076315,72.19280148544222,75.2378722158543,71.20033789351366,77.11947066058443,75.68975151711683,5,4,Moderately Ready
81.61445215439045,80.1444798975308,98.52273912566025,94.13482496913609,91.87461046679543,85.67463091257545,93.8700705479699,95.84481429644863,3,1,Highly Ready
72.43854772826866,74.05377217909904,72.15328383030598,71.57094042371841,76.22506212695383,75.36644773647193,76.45478880032144,75.50844835901769,4,5,Moderately Ready
61.03878726245092,54.45425151374296,68.75886344569611,68.58224662931494,62.14057691778409,66.52915908172956,68.76207820858815,60.13573361893721,7,8,Needs Improvement
71.74347093711877,77.16951674478469,76.1671937897357,78.71716454031586,74.26971555857088,71.58691435633477,76.03128371614261,70.38804041211492,5,5,Moderately Ready
73.00865166300069,77.24638307102558,76.8256721874947,70.38985734388076,76.6637519633182,78.32375211146658,71.58298847393998,77.0694281627356,5,4,Moderately Ready
94.42806161117865,91.85413324531343,86.51944628641996,83.97502791093092,93.53705091750216,86.51369917840708,95.57950557919337,86.52264449414344,0,1,Highly Ready
18.77661939388705,11.033137915108243,23.54951299171606,24.22038579521304,44.52444219435195,7.247063598098292,46.39435582214354,22.74954362886427,10,10,Not Ready Yet
71.74739430612468,73.22731166914107,72.42725077882334,73.0230220343538,70.28885135970931,75.11799249452997,72.52543739399697,70.99998343486236,5,5,Moderately Ready
17.178800411467833,44.32044859795328,30.181799142356258,39.47734825110636,31.899960694000175,30.57640452145714,8.496774203375518,48.50679209558503,9,9,Not Ready Yet
24.46066992811823,49.78321686999597,29.579043564755093,41.8494513119619,13.958543916979377,36.500887732248884,36.808942955955295,12.332708853420405,10,10,Not Ready Yet
75.32594468829238,71.34072731602038,75.16330706390937,70.04569823116024,78.82165637163831,70.36052811832324,74.23587367386584,76.9174575175192,4,5,Moderately Ready
39.90087572360542,41.06456603780359,22.622068410845486,12.0255746256901,27.924348321958885,0.6211495746522522,36.58931419499892,47.49669478014353,9,10,Not Ready Yet
68.9811298670853,51.28674296018551,63.04264095043435,53.91245100393505,59.26709106149225,61.26685435661048,61.505881998236795,68.57557401200484,7,6,Needs Improvement
43.57758997768926,31.34054782401613,35.195103151128556,0.06818244620511171,31.36525119494594,19.24396339559348,34.53753193203588,26.546016347674346,10,10,Not Ready Yet
62.02502228143686,61.354128616307804,54.72863568498532,63.32397326422679,62.1681938160602,57.04250417086254,67.7803787811593,60.26525665086359,8,7,Needs Improvement
87.31181717892778,92.38266900790845,87.31142287946238,83.50534806373308,91.17580916060115,81.34011828314635,94.18674271905057,84.09425186193076,2,1,Highly Ready
94.74760129141032,95.0455428034245,97.42262765155789,94.05687230971365,95.0634699679936,95.21771806857545,86.409276329385,97.95866076161829,3,2,Highly Ready
86.90453163570324,89.72453810296209,90.53365198218223,82.45418868514356,94.19650577484138,93.56616583844706,90.65710930518078,85.84528706252253,2,0,Highly Ready
74.12086707939042,70.72153363016353,78.08151273883362,72.59535418915978,78.60964236924444,70.98428428532851,72.4834846258776,76.27373899766495,5,4,Moderately Ready
75.6454857752041,72.63852497748158,78.72617144988202,74.87291462261597,71.18824631918329,73.12030222103871,73.99474046855705,75.80215997392938,5,4,Moderately Ready
96.03978205208898,96.69895037225615,90.39240965912819,86.7175473886269,91.5740921114076,93.11521003336478,95.73648725842035,89.72296783229072,3,3,Highly Ready
67.1690746114274,56.51691008427194,65.20681870490412,55.082074885937395,57.6942416986304,56.18663327288252,66.21924676635669,53.67009003725779,7,7,Needs Improvement
71.44710894231729,74.81785016929521,71.6405245941792,71.5782341029792,76.37300041493575,78.1424003243238,77.15011552260341,71.45129241899511,4,4,Moderately Ready
58.93599547957874,57.65409858018859,54.692796514367835,63.72841886151137,62.97995906848451,68.6044061347041,53.66299586528889,59.07172374216913,6,8,Needs Improvement
51.44865369261892,67.75924048564958,64.83332698506794,68.06020297292422,67.70060321512761,53.808958814124,68.46270293960653,60.830620583599945,8,7,Needs Improvement
56.21688928792551,67.99217146318338,68.65241601983594,61.32709649208172,53.647502544465446,61.174167268825975,67.32385418266995,58.957899615886205,8,6,Needs Improvement
33.900416847676034,5.8438048914381095,1.2397797411791645,30.876099631516972,11.018239872892455,17.869677429080426,16.318323483703146,30.407560483110192,9,9,Highly Ready
52.50461190709041,66.29012499763255,63.1871409869793,68.23722657243002,68.56511112460625,58.09962503239588,59.82837648480863,61.85709374317081,8,6,Needs Improvement
63.887347902122684,58.69752860556051,57.95002712839067,51.21943423989197,57.208563836845684,56.545536202158225,59.02036873800628,61.09859420043807,6,8,Needs Improvement
20.78048877555337,22.12521817111746,8.189517187205247,36.400033522531636,44.88618054383702,36.43027577416183,20.70968938602793,41.77557661651822,9,9,Not Ready Yet
78.89544185107746,74.72770941912938,73.018750679456,78.39837696135683,75.31611002091338,73.38195168820049,70.05956981096526,75.74925399742793,5,5,Moderately Ready
76.39222306095992,76.79719373012966,71.23234335924177,71.67405776299948,73.43592579368628,74.98480233859472,70.38009622994954,77.43623474775207,5,5,Moderately Ready
39.560977370458346,7.701198482020577,15.008470399687656,32.027760458828155,31.828041550718684,6.208846216579139,33.29567309196536,14.384451663925041,9,10,Not Ready Yet
76.88246520232374,74.43745202533152,78.73562793881091,75.39002191059359,73.25583559445732,74.32437314905354,73.9246166036659,72.32120384016606,5,4,Moderately Ready
61.35474635895946,66.21504122519246,53.93125018827454,52.053187091875586,56.75426000579291,66.80971075951379,53.43895308995946,53.93955933266871,7,7,Needs Improvement
47.75781793742787,2.4357450343132747,14.583204883937656,31.94732626390346,3.841334027747245,9.690741735116553,31.40149756641965,38.23446895722622,9,10,Not Ready Yet
63.32940872309945,56.41930156116382,63.33798695030373,63.39023955557799,52.72500137701307,61.440839546392326,65.81966670294788,51.232157949098124,8,7,Needs Improvement
58.41590108070996,67.57633279557663,53.934524564769276,54.921771815285,60.06089207515152,65.96832398616897,65.3119212846981,61.05579385937534,8,8,Needs Improvement
98.32062320059543,82.33131301683854,82.62464313557889,80.34758798472855,86.96419824832282,93.82101407089361,82.78027963892202,88.83875815417265,2,1,Highly Ready
65.66233395140428,55.00244125959918,66.42267376554308,53.562468054777746,55.07833975206099,53.25619526041402,53.34392854318002,52.414889318097316,8,6,Needs Improvement
89.6850978966555,88.62494946159674,83.92701985058447,80.6558543135308,93.19577686689485,91.86352343250293,89.38164682968292,98.17058596804924,0,0,Highly Ready
64.58190488619405,65.08267465403887,67.56176527464581,54.697221357947996,67.22114760876029,54.32607284241029,57.32760599647957,52.634027634710264,8,7,Needs Improvement
66.39248547711536,65.05443845029156,62.03321571910981,60.08836612302241,52.230066700159774,65.75255708699231,64.73839259335188,60.519097327485426,8,6,Needs Improvement
64.57232168069689,51.07792071643798,64.05628834498184,67.63617774734107,67.56858920362231,66.32334258213348,59.54487906840693,63.56639232195057,6,7,Needs Improvement
87.09644689877348,87.59230113388476,84.28548000965282,84.55108425134092,82.25690957328818,99.69225500736837,82.47230804948533,82.20632322426552,1,3,Highly Ready
61.028378210950336,51.730954136553876,56.90607733195149,53.08300692533001,56.10500596631336,61.8070111516948,56.61612439428894,68.57122285023051,7,6,Needs Improvement
42.76828334777119,9.439249283363576,3.4804578478465356,42.05291375608608,23.78383984382525,33.95655541399173,8.96486416935393,49.936166284292526,10,9,Not Ready Yet
32.92741316427241,4.250295504636259,7.16837808296511,20.031214391826506,29.52786161660062,5.086107828256542,46.26451577709154,48.8926664623332,9,10,Not Ready Yet
75.35464746949275,78.9159518676892,71.10485950928798,77.54298218207313,76.52680450299376,72.50666499050969,76.4214442662429,75.23726761596538,5,5,Moderately Ready
61.8569777839072,58.27998478543324,59.72159146670596,56.020031397437556,64.82399200039674,52.94466002434061,55.51241748637069,59.950928078255004,8,6,Needs Improvement
81.05704841469414,81.36457346351965,93.56214881341887,99.44145100997324,87.65265965530037,93.58408724173246,83.05473302345762,92.43933523047457,0,0,Highly Ready
10.096587722585692,33.10466166507417,24.51251801281972,13.083263688697706,17.180782485560176,42.98361559976972,27.33100169065236,47.629024745510854,9,10,Not Ready Yet
86.29118395639573,87.52673125901165,89.19312477647976,80.65719592226583,91.13333100965784,97.20721405437328,86.06089143227044,94.12118407549623,3,3,Highly Ready
73.5017244174115,76.87610024202196,75.11969701256768,74.41498340622118,74.98405508822476,74.85453147552828,74.22836541595458,75.06029870129498,4,4,Moderately Ready
29.55225593256606,18.889885253064207,33.82438918678602,38.32353836960455,14.221876979054054,3.0711986229371213,29.52317075622024,6.4099031824373265,10,10,Not Ready Yet
92.50306000430234,87.61146755477041,88.562963805369,99.83891045411916,88.23859205115873,81.12898493725658,84.88457772845237,84.69244176865858,2,0,Highly Ready
82.28942593002233,83.39558482463836,90.76833625526977,80.74755243374547,93.15535573115476,88.44946079970143,90.2951964589074,88.42345256606026,0,3,Highly Ready
91.4070708141179,86.44842737503926,81.95451346163847,89.76717235148797,93.81727929042448,84.11816631793491,89.93462793570288,96.22914355470297,2,1,Needs Improvement
58.847840380904486,59.94513080595431,66.25201369474776,65.16869295653538,66.1268487967999,60.64501242230416,56.172400063073574,51.8555645000321,8,7,Needs Improvement
78.62146957090215,76.45936158744753,75.20373923221679,75.32678189897196,72.46028438661567,75.09785465308033,74.77957291362745,73.84395301258304,5,4,Moderately Ready
56.3983623816996,62.942220551662565,56.640353393565015,58.45765651197297,55.52276627160124,60.27664618311908,63.08808447228342,60.85612479784202,6,8,Needs Improvement
71.91657524516624,78.65905367147306,76.67987209888493,74.20565782048868,78.43446633027,74.79447401523889,75.52980068083832,76.92207248629273,5,4,Moderately Ready
71.32969319942121,71.35425388602839,76.16775973059066,72.70248107311947,73.91849905768292,72.86787862138206,77.47192942500294,70.57984776575377,4,5,Moderately Ready
62.628767765242735,55.61603942784211,61.82218085415912,58.305586906468136,53.044054379309124,54.45448820664492,55.420558976730746,65.89011883429981,7,7,Needs Improvement
45.28278113789995,10.099525436520013,13.635598173897945,1.457093379794372,39.48349200320921,13.888599596422429,27.535305610293605,32.21469106246569,9,10,Not Ready Yet
97.93010951339149,86.27809548401828,85.95958350109633,81.27163393804057,99.10176953777773,97.93546488336239,93.43344146869042,97.7143870428661,3,1,Highly Ready
76.61032366381762,78.39641902659672,74.6976180298474,77.46083424407078,78.54707050305637,78.38400062715516,72.26627252599641,77.96108376094877,4,4,Moderately Ready
61.51787197046171,58.019112039395786,64.4707361265366,55.246885425142956,58.61164197269194,53.597002356668206,54.15277659784224,68.4586225669224,7,7,Needs Improvement
52.00665724893253,60.602459466045275,63.593119107758966,53.03330424202099,60.82341059765267,59.547374235758866,55.43424041077253,55.999207763595905,6,7,Needs Improvement
41.06826830959744,1.0537105222782395,48.340257966976395,30.29073664352649,42.07364832589392,33.111171722017716,47.04241382132185,34.534122764117,9,10,Not Ready Yet
47.924180589846074,18.14275492100309,40.6125149448396,6.102688437294468,43.34764675661247,42.882356957496256,19.423550742814726,45.48945499984471,10,10,Not Ready Yet
65.8087390632929,55.23828818912515,54.7869568427615,67.02444109979339,67.48603442236204,62.36434864781289,66.83041045531974,64.80133621096411,7,6,Needs Improvement
65.8175600471364,67.92891756333748,59.47964310098406,58.43330373374335,66.14094239465147,63.91294832231542,66.78170209030681,65.76434358810722,6,8,Needs Improvement
57.33341423851005,61.838086956189336,65.64170487120076,64.2801393708723,59.158711556447905,51.492316080000684,51.937778812234924,62.54866520544375,8,7,Needs Improvement
71.8006778631707,72.74992783981186,75.18228410735792,70.99745379701557,72.2464320931382,76.42207547073798,76.90846623834663,75.84262510291087,4,5,Moderately Ready
66.72310518647058,53.403176432045086,54.1226224629164,61.674367479099594,56.89644784026977,56.07235191446503,52.519181113399085,57.616792136982134,7,7,Needs Improvement
70.20673085233578,75.02676986771792,75.5080284374926,72.05836521209481,70.80078912352882,74.16182394910153,72.35604848944656,77.66647784053387,4,5,Moderately Ready
7.462560046114497,47.90164320465928,8.50614419104289,28.362144946064994,0.7057453388658985,26.29188501654518,38.667966023083416,46.41424359891857,10,9,Not Ready Yet
71.71489748742037,77.75743051857286,77.03909749087562,72.59165775565793,74.44751341967778,71.17179398150576,77.70703954889963,75.40074507847503,5,4,Moderately Ready
39.62317673338311,1.4386558123651694,48.80640814520398,11.774281269937841,22.548834572482196,12.415897983922708,29.14515386680777,32.36177841505562,9,9,Not Ready Yet
16.162298982739138,34.65117789713841,34.342622463486215,35.66679745297709,35.42265833291819,36.805205269603405,12.811279696619366,4.763971104100334,9,9,Not Ready Yet
67.3480776725518,68.94130986120358,67.90779492314344,68.40977719754333,61.76817718723556,64.46835312677437,51.81921368909253,55.56582389087793,8,7,Moderately Ready
57.676221835466386,68.42504058823039,61.0720869953949,61.44876437804624,55.685249738824346,60.067440993123626,67.74588494081185,66.80214153547233,6,6,Not Ready Yet
58.79273385221007,55.68730819302169,56.638852944932275,68.61329883561795,59.98579111464494,68.52068681289607,56.058011691725405,57.49065974855622,7,7,Needs Improvement
64.70815054089505,55.747642929147986,56.63418568554488,67.06809257693371,56.67977255034183,68.90217118593264,64.74615744576538,53.72276543082405,8,8,Needs Improvement
7.431040352049156,11.493027278461055,1.7931124084619887,13.011198179258015,35.29814312872769,21.821493326136483,49.76008716790945,46.36031705696537,9,10,Not Ready Yet
59.73359126031156,59.87379390019801,66.22509031709843,66.60382740695005,53.22577621260939,52.68440180768972,66.62711597319019,54.2517893540052,6,8,Not Ready Yet
62.93647821651543,54.82313081997523,68.9640819988347,51.074263062091745,64.80325733329491,54.25023924928562,67.56743753986834,55.43083384505333,7,8,Needs Improvement
80.51924337212462,93.626246896585,93.61278818875417,87.88339605533456,91.80676995652146,99.02439700157493,96.73954417162214,83.07550937367596,0,3,Highly Ready
47.760076548650275,29.71021296754714,0.29026803725470396,48.48852569008134,32.80863785086753,47.54479842376038,16.245773415050802,36.57726086669456,9,9,Not Ready Yet
85.65908019589943,95.96293941967711,94.8759998486525,90.94312443612519,92.04583054503664,81.85102021677173,85.10327803760927,84.80160265640158,3,0,Highly Ready
83.25881367750509,95.58985090291443,85.69871777998924,95.05117132580764,93.08128597648958,82.41203968205254,89.81690195219225,88.6471683883502,2,1,Highly Ready
65.97695173780787,60.22775806186857,59.813214644923534,66.93743469555386,59.57591435933582,61.13502738480369,58.61527044790985,64.61683158282678,7,8,Needs Improvement
73.83415388939177,70.36394280657227,73.07570362656895,74.1717238805291,72.01807191095125,76.17612882273436,71.3956273077131,74.45790028382471,4,5,Moderately Ready
45.36038555262412,23.880568258610836,7.430326932738063,6.3894874171592,45.145180933329705,42.076897713785435,26.154602850873694,14.774081695279362,9,9,Not Ready Yet
90.21303168310426,88.26038809038465,89.29312984062065,94.40619998700592,96.25649515589778,87.10915271265212,91.71135769512796,95.37293545953104,0,0,Highly Ready
9.11040672768273,19.647866876892266,4.164528256748451,43.83776735677516,14.882375789413732,29.3604194090123,22.74990743300105,33.512993324528594,10,10,Not Ready Yet
70.70398476513671,78.83967569050547,72.3338590550761,76.06067886171472,73.90419028557378,70.16123697200882,73.55440458692688,70.11974139918102,5,5,Moderately Ready
48.29019037792341,30.09437200647272,24.336124696880567,30.924968724374647,48.69609460858435,18.03643915454383,33.69015714643211,34.51466771777804,10,10,Not Ready Yet
80.27751836043628,82.23825004934791,80.31770493031031,99.41040727320627,97.18024060529699,84.18458960668998,92.97246443408045,92.99479652073684,3,1,Highly Ready
89.26851110878074,89.47978175012457,80.43633656449002,83.32210986352196,83.04844479840713,94.05196211416512,99.2773374147783,89.42978397304233,3,1,Highly Ready
77.46505686271598,73.52560054107234,73.004650503925,70.9239716952569,77.62866577072319,73.886091573651,73.7411731529053,74.46132889862139,5,4,Moderately Ready
25.66778607332679,36.230709259023996,46.76404769669023,45.25365710880206,43.38170978721287,11.595289302725465,3.0352341116625103,0.9509829513745516,10,9,Not Ready Yet
58.508474245701215,59.520083487815654,59.90619840628311,67.90136056863693,57.241754040642505,63.55525992700562,51.37452464479209,56.18419406616512,6,7,Needs Improvement
60.137447014113086,61.577856781805025,63.32953351814116,67.59124074010404,66.36216824624246,63.873584924826375,59.43241106242578,66.89712108136038,8,8,Needs Improvement
32.62500939316475,18.012778384973355,23.616242334155384,48.54708196391586,8.101287715823341,10.360429541191907,34.53487744527098,4.309594879692957,10,9,Needs Improvement
75.45174106530601,70.90813353017973,73.74385925745585,78.94390511843208,72.73286704057806,71.88489647218194,70.42344402516895,70.1631753610751,5,5,Moderately Ready
77.73515504635958,74.53131009852684,77.26133988479518,73.03961279150533,71.02572364030827,72.04021230404223,75.0578330383961,74.3772876808077,5,5,Moderately Ready
91.14044700078536,97.92635398375666,97.06816296132439,97.47391350796632,92.08578969083516,82.08284045851303,81.00844084123256,98.92535454598467,3,0,Highly Ready
92.19311696025078,97.16774820497386,82.03736079090986,91.24945730596325,90.14611454388664,83.3409259661922,82.36118702156386,84.10772456392434,2,1,Highly Ready
64.71536441971465,59.97103800763141,66.66886882325483,53.777323183772516,57.54726433771055,65.74489409089017,53.21370244975918,54.63402594554388,7,6,Needs Improvement
74.26296999359042,72.58082469958964,71.54135615950156,72.39414066338485,76.4367976992846,73.7350774649217,75.6649636178088,72.20906152102724,5,4,Moderately Ready
73.7206847687228,73.683783874531,74.12877757524375,77.6715143147513,77.15146611735067,73.25596932689594,70.2678663431347,71.31025875308637,4,4,Moderately Ready
88.03301736443414,95.4474528378732,88.68144557795947,87.86532532560712,80.74187467398885,98.45037723205473,83.01904200054871,91.49114520219115,2,3,Highly Ready
35.03951972484977,43.67731820953005,36.07755219291802,15.68476181821184,17.207868027650647,41.350177779712055,45.01042609207024,30.52005317823983,9,10,Not Ready Yet
44.378987902561306,31.21798403126805,30.90937310905646,22.107190898608774,17.262530657527925,40.59155388979729,32.43785031307701,38.77001672882428,10,9,Not Ready Yet
87.7998707778899,94.37761079371754,97.59751232355917,90.4093940544015,90.81580449401257,84.27469031405741,90.23343213674215,86.24504827280877,2,1,Highly Ready
95.9319739848275,91.85007203499826,84.82679558280542,95.48315574287506,94.53018492799191,99.73909400482097,82.20883812486919,81.19891477250806,2,2,Highly Ready
64.61807897476348,67.94417458955569,59.07726394655779,61.303835043783906,51.09384116647131,57.10164530346624,55.24975188446772,64.42364528627695,8,8,Needs Improvement
72.56081945450828,77.06310336541915,76.43369021382102,76.05190421834396,76.42915880977355,74.67699982700952,72.22869998177173,72.95062266773034,4,5,Moderately Ready
35.58202103737448,41.42188147159403,4.097358171734439,3.1096836272205106,44.42546484249208,23.812653576874883,22.3082043521377,18.464710815557257,10,10,Not Ready Yet
62.456300687950844,68.9372119599688,63.40232150821865,68.06076060840293,64.1709052884497,58.5046023341165,53.93116993157738,60.104146035672954,7,8,Needs Improvement
35.22623423978145,43.16358287972998,5.902907883551234,10.632126948025961,23.667778086888557,37.32481530190992,47.203478052849576,18.466602981722858,9,10,Not Ready Yet
91.43529508852818,80.8056428317394,83.06609021391604,87.42934708370635,99.82040202237066,86.06520165413339,89.71851081072953,95.82407402140936,1,3,Highly Ready
97.78114412478838,84.31162911401348,96.38250138456527,89.77587312491026,82.44655811004897,86.97297887020775,97.4085307187859,88.35150308626538,2,3,Needs Improvement
59.55409587189764,63.96060291682409,61.902774783898685,64.71512216697187,60.08574950289938,59.29685096226795,59.0987290442733,59.08334529907768,8,7,Needs Improvement
93.29004624837481,88.1925665419154,84.65644566718406,87.90794258400766,90.81988901582653,99.16158984161076,97.80086330221536,94.7182558890246,0,1,Highly Ready
95.92317562872098,94.14797698093177,91.22088710146542,82.4756322270504,91.18705646472455,83.84853466677194,92.37408109632646,91.537111663463,0,1,Highly Ready
0.9332035184961451,32.91272071606733,26.59297182401396,48.11883830240875,13.748126397563903,10.290249900999177,41.484527552730476,41.94587204145485,10,9,Not Ready Yet
51.809705591548344,66.51553804285287,51.41873847036971,58.866313556202826,58.468855622656825,66.47367138789767,56.71288383659868,55.62920027701893,6,6,Needs Improvement
71.64402033612124,76.91474222247793,71.38804633737466,78.56948254753267,76.10747711004853,70.53022361196786,78.65011001324368,71.63312056097791,4,5,Moderately Ready
7.123027523168473,44.65055105247266,12.896714499411416,47.07887576063774,44.97507517075772,2.5939059267042044,11.98114818041538,29.850230956833464,9,10,Not Ready Yet
3.031598895168469,23.241176662266653,20.353823179549803,24.208575497905326,20.374689487196985,11.687022787978908,44.30779480137782,13.457986918864867,9,9,Moderately Ready
73.66071329276144,70.75517520022765,75.72219095009484,71.83111216162096,78.71120361448305,73.35974698412387,78.86777843917679,77.0382129639868,5,5,Moderately Ready
89.29304107444203,96.58743569563775,85.7849890966801,99.44163608064974,80.01085863414035,98.67013632086079,89.64372519750937,91.95735503001346,3,2,Highly Ready
74.59295579442234,70.40936257282456,76.6526465103537,75.06773420147164,72.70574513679323,73.55774411027032,71.10679268445435,71.2568524146502,5,5,Moderately Ready
78.6167545632907,72.86473547634024,76.13890896371511,73.08371730682649,72.3522448004541,76.77424600995919,74.07446273011803,72.21335456490884,5,5,Moderately Ready
75.39562300559965,70.14287154545012,76.22660554352053,75.81798962727427,70.01842762141735,74.2887605506071,78.11300494586087,76.05435763718057,5,5,Moderately Ready
39.36526174721132,32.45486380579564,3.876155815515414,1.5473760264263225,41.604193231484516,33.58065390779703,33.61229565866872,17.649736617520084,10,10,Not Ready Yet
38.39829221810017,34.851506718917,0.42156879781330425,23.134626586169237,46.812392470609716,22.228882837803397,11.076038235107227,0.9890834832269657,10,10,Not Ready Yet
75.5209843786592,72.72860679235853,76.46028576784082,72.10832149402106,74.44427804429583,73.26699260868999,72.52680722203509,78.14056831103883,4,4,Moderately Ready
73.56477561591952,77.82924609255886,75.12192008273998,74.44610189299505,74.96606668639133,75.93854579068224,75.09136343039259,76.14145241250658,4,4,Not Ready Yet
71.14687819284663,78.40207060522683,77.69931063094502,77.92902783831745,76.5600897970816,72.46895175223547,77.62900459842241,70.20805754458578,5,5,Moderately Ready
93.46199571238074,93.00060094175679,97.07719623129954,86.45998529084744,96.88683107422389,88.13751791030698,82.43435392978392,90.36590538421075,3,2,Not Ready Yet
84.49096412166426,85.55866061425083,88.40124138182554,88.97722994033127,80.10318568227572,83.89216279010562,81.6361780285982,91.43639233822717,0,1,Highly Ready
9.843840883851634,16.461231675299203,3.1422062315026977,31.264735049279814,1.393637612449533,21.597447174809524,1.2011764915774603,39.86104526605349,10,10,Highly Ready
72.1452329131158,73.06721771130455,70.48989574160207,73.00229609517064,77.14700007536034,78.49192819488195,76.98174524605038,75.57609900047456,4,5,Moderately Ready
81.21373890589392,80.66687351128387,86.26558868439253,96.95384289225395,81.30056437591408,82.55071581333908,98.38231575524614,88.83836806636882,2,3,Highly Ready
81.11579918254287,81.04406286700319,96.99858626446954,88.03366126057956,92.34603952645709,88.22216007606863,97.291654884752,95.74949617083729,0,3,Highly Ready
21.40528704223713,31.010535217534958,5.063896380222016,32.54607131242187,33.78880500157518,1.2986039571749985,25.860644626689577,29.39066782313634,9,9,Not Ready Yet
81.3508894432912,95.78832847487621,83.87229083543569,91.46424265593016,92.747274713054,85.12572204401958,88.42014006993165,94.49246073079867,3,1,Highly Ready
70.39663709360674,71.14912675920876,75.26070065738732,74.61813165722543,75.8653448208374,73.21969274282972,75.25299329286067,74.87029335632519,4,4,Moderately Ready
17.145015780279017,18.441499758612757,0.40409211727998606,29.32199562254429,33.91501871667816,2.865882306317741,25.355393372172035,41.75874648967755,9,10,Not Ready Yet
54.60669426269819,67.35300393121467,65.13474852764061,57.14793462610543,63.02148250164875,63.50606838206305,68.6746186048779,61.79572145986147,7,8,Needs Improvement
58.53651519056516,53.9210397592728,59.17743769116624,65.20544496469032,51.75945869778657,54.949305866354436,51.06654730065023,55.014451596721784,6,7,Needs Improvement
76.61127559777451,78.57329406091478,72.98363598633887,76.66073248820905,71.84784724267433,71.65820060994297,78.90890239224231,73.26535431361965,4,5,Moderately Ready
82.84803946175816,88.80816239035181,92.62669154788351,98.25417530023049,87.19818473516476,99.50618550623739,83.98245739904418,85.6820176801304,1,2,Highly Ready
74.99054459641634,71.60687287720954,70.19342825252336,77.58593278643562,78.19584055178397,70.18894384416201,76.09707141097778,73.4103048212366,4,5,Moderately Ready
72.16134939586196,77.28538993262613,75.94817843692182,78.47045580105737,78.79391661428814,78.97925422794248,77.93497415560084,77.90549052803576,4,4,Moderately Ready
71.17715212072494,71.70677014235505,74.79299240115105,76.24918506568892,72.86156448271828,73.86586148137475,75.72528653741588,78.28912234616098,4,5,Moderately Ready
70.47933077562699,77.16050728053347,77.85566342724954,77.66352374534625,78.71545876753882,77.9725085899302,71.883138161493,70.73266931669404,5,4,Moderately Ready
76.7617723415926,75.80564407825639,74.58242665505703,74.48728998504602,74.17840549805005,72.89640819588588,73.36490849203825,76.25058706365283,5,5,Moderately Ready
62.48590080873172,65.23124066376452,62.69527070715189,54.729592755075345,67.10792325179285,59.1374412591534,55.218922653244434,54.9346870743333,7,7,Needs Improvement
72.29076317664212,70.76283024407158,76.76460476783106,72.65543214977195,74.66938648495208,72.07159820389494,70.37028629472314,74.61035879396,5,5,Needs Improvement
20.447638767775867,40.225223264673,15.851021287224986,19.118546331196352,8.97828655007798,11.689519981155122,32.267742632287906,17.954646759284977,9,10,Not Ready Yet
98.53211838420356,81.96818219402252,81.4269735455866,80.76562770396859,84.0061319371697,83.93292645739128,86.58482585102672,86.05431165474822,2,1,Highly Ready
76.6583890534053,78.2114427711831,70.0768049056134,72.69526736838078,77.40077970266113,77.04815428682849,73.63430027300369,73.65182635483706,4,5,Not Ready Yet
72.04820643396927,76.51002301083679,71.88887518845458,72.10350870819708,75.28303275312314,74.97353727980399,74.21864497290994,77.32957939917304,5,4,Moderately Ready
58.71827353434532,67.95473599853324,58.518381564114435,58.89625442102175,66.35299424865873,51.54187332648488,53.50110405977929,66.72750379376278,7,8,Needs Improvement
93.17696255956574,87.09324886498186,84.50981280492951,88.51438696470302,95.0525236730827,95.25683161298087,93.8103721346861,85.99274416656486,0,0,Highly Ready
78.57373791149494,72.97225475396006,75.66855376357073,75.42702507394381,75.47053544346176,77.80250279991309,78.82154903882643,71.83784156693693,5,4,Moderately Ready
5.431917804793029,28.475750596053206,22.576766326652205,44.7371897491237,4.662075330102317,5.215658871414336,27.64533876539621,1.6029577055852173,10,9,Not Ready Yet
78.20210779210143,73.47304702963203,71.8530306674343,72.61994975757695,74.71956127606194,74.0919731819412,73.31787039091277,70.09942380000972,5,5,Moderately Ready
5.537197414464378,26.82265096098676,23.91255711881174,3.4381495375159723,47.75483828171622,43.284974696665884,6.496614169496695,10.283850248812577,10,10,Not Ready Yet
78.45238829249757,75.28742758055594,74.52227519043497,76.16352336205995,72.47896879773829,70.06698977887456,71.28422789284276,70.57573038653466,5,4,Moderately Ready
59.28368208057074,61.370389541264814,64.27123279601223,56.182412129889315,66.8578933219621,59.21351923228855,63.60569771504037,63.80966280596138,7,7,Moderately Ready
71.61620298847319,75.55962864755985,73.88868952632288,73.46198497114702,75.93172033616155,76.2866983198936,70.8598075400439,76.28780281179537,4,4,Moderately Ready
75.65274882942168,72.62700631469423,78.24666700214665,76.2823959331128,76.50168450266207,71.95529382063917,74.44138819501924,78.93150749695857,4,5,Moderately Ready
90.08789684869932,95.59021284073788,88.20192135139345,83.29678211402396,84.14744190962085,80.8927033040177,80.5343575884693,92.77733246899928,3,3,Highly Ready
66.40391660853672,58.14013790100771,51.19327250503677,53.064288904993184,67.50846556169279,56.88798652637988,64.47616850105241,59.72566627192815,6,6,Needs Improvement
73.93951287316011,74.237089592098,72.51227698157774,71.45229877930359,77.54646265627888,75.46289701688764,71.59512943511682,71.11736244568142,5,4,Moderately Ready
80.22421235999214,85.46504529617674,88.81315981717214,83.55880457411295,94.2882454446621,97.85375411436618,90.64597609880067,88.84116287480926,0,0,Highly Ready
22.199334223723135,29.910267518708757,2.433234740946327,18.86977656450653,10.086902576990632,12.484989082308374,45.437819227032485,9.999284554789373,9,10,Not Ready Yet
96.41053098323223,93.59919051363312,81.26342970439312,99.1749051037857,81.93206411554279,96.70770165777961,93.28217508910342,94.48022993908036,0,3,Needs Improvement
86.45359151990027,92.53572869145088,92.49346706377257,98.6865473600779,87.90127842708279,88.557605910421,84.64816275444329,82.1177062923575,2,1,Highly Ready
86.32480442702493,87.78373319100855,89.17551863492969,81.32032568126345,96.30169783211613,92.99889991043648,87.37959922014757,81.34662537060083,1,3,Highly Ready
59.99236844253424,68.8285372542787,63.82555995621732,65.2426759140906,67.60003037235417,61.245691113816676,55.53492275821138,52.70540221629745,7,8,Needs Improvement
48.61834264226496,34.686037202526414,16.602327367414176,31.767672584100172,44.19835160956722,15.898348755397468,42.57771062343217,24.10651894938703,10,9,Not Ready Yet
32.02959773757082,11.621273869059994,29.373427370424988,49.419043218080574,11.630295224939797,30.8174337293733,44.83897131832546,15.442431433646497,10,9,Not Ready Yet
87.49047256987191,85.93229460746225,83.03341170784056,84.08770660192354,80.75813431114912,98.4681827910704,91.9615037722217,98.91752994712087,2,1,Highly Ready
65.16547587282129,51.71293457877421,65.25203588304083,58.46808121848729,65.62878973180199,64.50991639812648,55.122180396652425,64.1917163279866,7,6,Needs Improvement
78.15968851938176,75.98505417179604,72.23504244694908,76.1861485486217,76.47551997752485,75.47256877909862,73.43337328503465,72.89473291972212,5,4,Moderately Ready
81.39969839955288,83.84930894555254,92.68733918547818,82.83064021740473,84.08440025531664,81.83518784846005,91.85261302424179,96.62441757250325,1,1,Highly Ready
89.34148495070085,83.28317623163369,83.95072523428871,88.48033550030522,92.11702469720981,86.06201414545669,91.52843660835492,99.35451621347721,1,2,Highly Ready
48.6277600227229,19.91222365860547,8.388301905510382,22.06880354236709,25.264627713484394,36.7464052265251,38.01622322048189,40.98019039398339,10,9,Not Ready Yet
4.161642774514224,45.32285180744994,15.011577529901027,26.85988402098369,27.642606842014278,8.784965894107415,19.02251186357857,15.292364155353273,10,10,Not Ready Yet
6.832817463153362,23.46292406160971,7.736222787250552,9.481290729411151,0.6417136123981759,25.03499043374085,36.267268797106226,24.57268588414611,10,10,Not Ready Yet
56.54059485747573,68.77539712629886,52.28221840678287,66.92999245747092,68.86450444600626,53.24059515391937,67.77833205596323,53.922522898734414,7,7,Needs Improvement
59.795193176192306,63.39280911257304,63.536197416772566,62.716314024746396,67.67733761394565,64.24195570083151,55.36235164552227,51.62113629718448,7,8,Needs Improvement
92.90667074142162,85.22661396942074,89.10941540364402,93.62132968714347,85.08576068988663,92.04298653875914,99.03556490877341,96.83031799814513,0,0,Highly Ready
98.33765706186708,87.95333843023624,91.7232085725882,98.0199129999203,90.3707408770843,83.7764650398502,88.45889719811433,96.59499130053393,2,2,Highly Ready
36.69667184785343,37.62311260268109,46.216029572357264,43.470897931185895,5.46370358622828,28.630584767718283,39.87669734075398,40.71140108358617,10,9,Not Ready Yet
0.3210153382366465,8.419934591796013,24.586163089267377,4.843533065111,38.687181732176505,20.891980277360222,20.842116197392784,14.41701305398428,10,9,Not Ready Yet
76.33642476952812,71.78218476011038,71.63785898330453,78.53634980315077,74.0559470586764,77.32933409447342,71.67074237621179,70.53083858452172,4,4,Moderately Ready
58.93314809563065,67.43348527878214,52.965518054593474,62.45580551766061,52.436576435538086,52.54272714852626,53.24426842467278,52.15672387300979,6,8,Moderately Ready
76.05524133030178,70.90728227857917,70.54950820203666,76.76618826834056,70.06503992518708,75.24200903700937,78.88856950682948,70.87157665863346,4,5,Moderately Ready
64.62440948237881,61.878687916175764,57.057903622643146,63.273479983379985,57.17539411775777,56.674028476351864,55.31274653179823,57.50179128327525,7,7,Moderately Ready
96.12540410461685,80.0616932596146,97.41083021436755,88.03616713363233,96.70842318057575,98.50074233693823,80.51360854534941,82.45789078906257,2,1,Needs Improvement
63.351328118590786,66.6573552232503,60.26845202920048,62.8841113849195,51.056323973471414,62.48531864014155,67.95487870743233,56.799304293836244,8,7,Needs Improvement
86.51050398914954,88.88612318539003,92.13526032634618,88.00330381679603,92.25184690862304,81.62738462512701,88.5583256094284,98.62966938934886,3,0,Not Ready Yet
9.753847759940465,7.158072244323311,26.00272144236937,28.594631249033636,42.840130521605026,25.231830787563975,6.393067724229784,39.84103802110623,10,10,Not Ready Yet
78.59546099633803,74.33951690766051,74.86601117378558,72.19020398635244,71.53389711513573,78.49788890732606,76.29918102029626,70.94922709400983,4,4,Moderately Ready
54.96676862944029,55.63731376816919,59.57344172244571,67.15519590728599,53.21576598270666,53.443615783819936,60.621779452293126,64.05745931606933,6,8,Moderately Ready
67.77203919267279,64.7940729605351,61.812229567498015,62.59175773097623,57.78618580388284,63.91396921406255,64.24804478176314,57.869709087688875,8,8,Needs Improvement
11.177541784604617,5.784498263514227,4.384017032154841,4.456971339970023,37.02906094200927,46.8605325326906,37.230887614938496,5.8053111928846715,10,9,Not Ready Yet
64.26452203117469,56.594380446627206,61.62107610434931,54.41743815875154,57.98661951450475,58.62657290513496,64.88305624254367,65.3553265052098,6,8,Not Ready Yet
70.08269669744847,77.67125822712052,72.84333602564266,77.34533164267249,72.67141197275333,71.97013814373682,76.11982829944834,71.32682822207502,5,4,Moderately Ready
86.17782853579193,99.8067022396028,82.46928025386521,99.93697208876449,94.1304453572589,89.56565493808345,96.57374608750717,89.90051050357448,3,0,Highly Ready
63.901793523066004,66.2652590810347,67.81979233464253,55.05129120206336,64.24306034256662,67.61684138758312,64.96869727389786,66.42201834004435,8,7,Needs Improvement
67.4227747117976,53.86547805249049,51.38818478482196,58.061140314291286,58.60387449117136,59.521589128864235,57.26952889292579,58.04452886461568,6,8,Not Ready Yet
67.61514815324291,63.61995607176825,60.86418057298589,52.75175220039645,56.82153454080817,65.24299437140604,66.58539776870082,51.974219465975274,8,7,Needs Improvement
28.857870451197382,22.094187027199386,24.122085903242812,44.86090434522289,10.48831724306064,40.217922161662024,9.782753413661899,32.56189972502459,10,9,Not Ready Yet
78.8443049031794,76.11500738989517,71.51400626699528,70.50698357719503,73.20025468444399,74.26488179427903,78.50556876862234,71.05612160878249,5,5,Moderately Ready
73.63594596240677,70.305935450414,72.16769878990802,74.39763304385697,76.1918569532439,78.59099827373313,75.87517270227374,73.37834476666636,4,5,Moderately Ready
32.659773694395376,18.36615279749126,6.0000192808462804,4.131849528123271,24.460922048020855,33.43961049187125,25.487424889555214,1.151338065732449,10,10,Not Ready Yet
83.62193187832234,89.68382954596791,92.89193297963395,88.6731295732205,91.42846198756045,81.9888251014395,81.26996602323176,98.1776104662136,1,3,Highly Ready
96.34925686365617,95.66949111404959,90.60175321825791,81.27863325460271,96.74287879239344,90.77963571455317,96.37655210346992,93.0340132302179,1,0,Highly Ready
76.25694300695835,70.04791602486742,74.02509590390784,72.82866474321044,70.35228844850766,75.17572926622681,75.87376450338134,70.79038836108495,5,4,Moderately Ready
85.97155844622249,99.32552330857919,83.43206397042444,99.54206197637744,93.16318735481583,84.9667416960895,80.9233252623997,98.91589187375352,2,3,Not Ready Yet
76.25591344994623,74.70399633941835,78.87417569735031,73.16905413162372,74.84388538148488,71.88855555051097,70.89108218225503,77.37786966117189,4,4,Moderately Ready
77.704766552848,71.93691646767263,71.20787205114439,74.96863564062386,75.32604824924161,72.49656146881304,76.56193963885914,73.7981351067814,5,5,Moderately Ready
8.16596873106784,22.80338744940388,47.23702417842276,33.826283523940795,47.00996640865332,7.16219750639212,10.18814484423326,31.478410114599352,10,9,Not Ready Yet
62.659880003103225,60.20569399661574,53.9527752962288,65.78822048576806,56.69448611038984,65.18011318002111,57.820954221981594,68.35231862116552,6,6,Needs Improvement
52.97982238465269,60.87063812704431,52.18726846522417,62.52319480181884,57.53075072442306,57.003312274852966,55.91855404253254,66.63939667020554,6,7,Needs Improvement
99.58970427047811,84.44451144019251,99.03565721288363,95.65467237318097,82.47006985183528,90.52951346759906,97.51023848452412,91.77654099782455,3,0,Highly Ready
66.5771702906187,60.92776017545887,61.93440499740236,67.1382643793772,54.073453498810046,68.03718550155843,58.01213995555121,57.21311198554583,8,8,Needs Improvement
6.378610156126702,0.47487344095794026,25.678270948388672,7.774564123735922,6.318417989712261,18.94003323002188,36.77111874050271,2.643231272116914,10,9,Not Ready Yet
9.155226289838552,49.31231377795391,39.923444937417585,25.111462282694745,13.791148719421148,21.388254136068618,47.08385047259435,44.06938550018219,9,10,Not Ready Yet
95.41156803261293,96.90491215737768,92.69353361121935,81.53386424928203,84.80073480976625,81.87267216520208,91.5063339557367,81.69170241704724,2,3,Needs Improvement
93.54066126177942,98.64882837694844,82.72856764192223,89.95610408708625,93.70243728130376,93.5354833138109,90.6481869068566,82.49383172474376,0,1,Needs Improvement
94.05183427547288,94.99335905090878,84.8845249405834,94.77966303544851,99.01736779815838,96.46726787077903,97.60663791670521,90.56222836436005,0,3,Highly Ready
77.937375090073,74.71164774249634,72.02561720142758,70.6761013664563,77.554680415987,74.62316035613138,78.57235242022692,73.80450041934527,5,4,Moderately Ready
67.45281315016103,55.49577402301934,60.7041532048135,64.79545040011787,53.121577212372166,56.385203873338135,56.283810710650044,54.835187003316115,8,8,Moderately Ready
15.24098997157402,46.655572190558516,32.148681773069875,41.28636937343249,1.7714563516580961,23.152849038129265,30.88743457509271,24.413323051294956,10,9,Not Ready Yet
17.694637219296418,0.25772055600646326,44.509813831163044,9.307885319764942,17.72661619218578,5.0668889398887025,24.60230596272067,4.2371889684709005,9,10,Not Ready Yet
83.1126080109846,93.1326689198814,84.52190465788523,87.90717652057252,85.98569905228848,88.56682939711115,83.64364080673865,96.23087708197261,0,3,Moderately Ready
17.68688885386701,21.69800773479425,17.96183730795095,43.52570351556667,9.92323089788319,9.478353442586867,2.0128153762520586,19.72730026433459,10,9,Not Ready Yet
78.53538255627195,78.6372896804451,78.8463583245292,71.06913075439526,74.4016105081969,74.46010836361633,76.13562833837337,71.14690589103094,5,5,Moderately Ready
70.97091626476062,70.19036986034448,71.3998778991184,74.50000838281841,76.90646456301167,72.12854441604286,76.10479286662132,73.07926898350556,4,5,Moderately Ready
24.296462194105565,38.0449948567718,12.387364960317743,7.624786246288035,25.56199177610138,12.47333931965337,38.336380241446186,43.20834028107327,9,10,Not Ready Yet
77.0444522894142,70.92758403204608,76.57411042243992,75.49990399651746,71.69802096436146,77.69384726375912,75.66017117880504,71.3385348995362,4,4,Moderately Ready
49.5199397922223,46.454916576373996,21.31514885189434,30.823367908464185,4.546771520506631,2.547768272590878,20.364859523240913,15.322297327279616,9,9,Not Ready Yet
52.10429502410849,58.6873109012076,51.92979879287794,52.98098908995412,57.544370629265956,67.97397744892866,63.80854078773659,55.44543546257269,6,6,Needs Improvement
93.20861514579575,86.43279212891721,85.70633939982328,85.60318707056075,92.13043646525766,88.61815052998662,85.04526092832211,89.82572695070226,2,2,Highly Ready
80.27323166772149,91.03536453402991,97.23948540245117,86.62423467048536,94.8258420541935,87.22769927128137,95.57616615130172,90.57724127243665,2,1,Highly Ready
57.912888419405824,66.9694883966042,53.348737294465714,64.36657386148745,53.1663782502614,61.558106209560805,67.41918297046978,62.77839287156883,6,6,Needs Improvement
47.09090014792197,30.950518452710646,15.073820846285912,23.709926005320476,38.04940067306128,26.677877724457332,7.683617637981138,6.391597238073765,10,10,Highly Ready
59.07267996175262,63.91186574186177,67.39528523273962,52.21875292577424,58.54207489958204,67.76398188728092,60.06964969810794,51.393748171663525,8,7,Needs Improvement
78.6022262952892,70.5471405174547,78.75226599160008,71.7117182513061,77.33080154342535,74.45523310573584,74.79222867512928,74.62138926792029,4,4,Moderately Ready
19.207520992494594,38.96860867375393,20.04244797200649,13.574709447817723,9.20331701770445,8.000152771136898,10.890386101645511,34.836087379180384,10,10,Not Ready Yet
56.334546362970656,55.83326373948691,53.14386112302515,55.03073010460305,60.604184242247804,56.25317931699479,62.513076176244844,67.95682801235351,7,6,Needs Improvement
51.92735950323519,68.64042590917755,68.8116528453036,54.77950294034711,53.09132708627879,62.67561900805171,62.388291827536165,68.49993530395614,7,6,Needs Improvement
58.35017188020083,62.00667660912958,56.84343252878415,52.030741760635344,65.68659880896917,65.83077214955313,54.94703266880348,68.37409435983312,6,7,Needs Improvement
99.57524774491517,95.56371985957279,95.61026373256165,82.12885465064677,94.91539577962688,87.63961955095176,93.07649437447566,97.40051576886023,1,3,Highly Ready
71.83526769455503,75.66820594869253,77.7239920182234,73.55917067379336,74.01450315181545,76.56830714297723,73.90513206510067,71.33500770568484,5,4,Moderately Ready
9.251401132195436,43.1176085681135,9.442996073386812,24.52591916298682,36.47399961218485,32.378213585184604,1.0523651950658186,8.145932437946291,9,10,Not Ready Yet
70.64843820659485,72.20728451084507,78.18217949424735,78.73346918540105,70.90210418789657,74.74100694980936,76.5408816244751,77.27193453987014,4,5,Moderately Ready
41.328112413567325,38.172287803335905,32.224105646713724,2.1870021269392357,12.41714722295017,4.179777304700194,7.1317802885913775,31.369218826158786,9,9,Not Ready Yet
96.36510719930975,97.05440427474018,81.69930386577869,82.78460196859024,95.19343503756095,97.84780583446118,96.30929845022328,86.14769985254948,3,1,Highly Ready
76.22837078129582,75.64737267712144,71.10767963670843,77.42432411313602,70.92533780561223,72.67064642103831,74.60388174636745,77.52835046304436,4,4,Moderately Ready
73.84421889832949,71.32638859137735,75.89828137741696,72.03295953046693,77.91091093540011,73.46269426629615,77.95801522160814,77.4050638311694,4,5,Moderately Ready
70.91562629199176,78.60264161628729,73.21577113633312,75.54127091171982,71.06515873405667,78.30987646670877,78.27886242988139,78.06027841858656,4,4,Highly Ready
29.98057424327935,33.971665585504674,7.511001785515825,33.36366924910274,15.078188339158244,40.878127249704875,17.41928416319272,5.19612814154225,10,10,Not Ready Yet
63.803520279946206,52.37465086727895,51.039217766455195,67.79570907059974,53.6755730658778,62.80537419496926,56.764608060270874,58.03079234093813,8,7,Needs Improvement
88.54906319969673,94.53415457583608,82.89335639632449,86.46106824200923,82.55071493713146,95.35070827380082,87.05217515219984,89.8841295277822,3,3,Highly Ready
67.99254481323939,67.58888826091845,57.89733379733468,60.88810669591905,60.69745032197142,59.8668253092806,60.651826119313206,55.14206127020188,6,8,Needs Improvement
38.82962789144327,40.564604382322536,10.966699459811041,4.362510977384843,18.085471541757176,10.163983327860127,42.52975546462635,18.11992211579325,10,9,Not Ready Yet
86.98695068968215,96.97502998252646,97.33545016924245,96.38020904948552,85.89394576257294,82.88280484605615,97.0662441181392,99.43639202882972,3,1,Highly Ready
70.50279099287806,71.24021181505265,78.6584678684326,76.33566570496328,73.39714704899292,70.23712194163429,78.6842187331794,73.345158081403,4,4,Moderately Ready
43.523848860775374,1.5092865179801962,18.262210913478395,3.9496646244249476,3.8532648282042503,28.459157731781893,40.68556294459658,7.485861243835723,9,10,Not Ready Yet
76.28707532986172,72.69556926363454,73.70370234923823,73.03603291508378,77.03257217111904,76.25722321956519,72.58092163504213,71.40298602387314,4,4,Moderately Ready
77.49412084976277,76.11913189689948,77.88378862357638,74.98740329148367,77.46566407622761,78.27235207072337,74.51685193743039,76.38417533819253,5,4,Moderately Ready
57.79608504178131,68.1193146575421,64.37642529467908,58.20724362986377,52.00794279530879,58.061237255532205,65.8050893800551,68.56777308931423,8,6,Not Ready Yet
32.634997606981855,20.25499374689671,19.023503052005303,2.7335829300207113,18.573906886073644,21.211094481770164,13.495978008359998,5.220003082531904,10,10,Not Ready Yet
83.25520806633948,82.12929085870373,84.23819893555503,80.21954026170394,98.1937402947426,83.75487618918588,84.03451839661433,98.58403817301493,1,2,Highly Ready
80.89749076422144,99.72987946722294,89.67613980854759,80.96097801842991,81.86421870343523,86.17209717757683,99.61083253572123,95.03358860051664,3,1,Not Ready Yet
64.06238624755346,68.52931337305385,63.64782258975771,52.7528370467106,58.331158102580915,64.34612415033885,52.818051897281315,65.5348979976109,6,6,Needs Improvement
43.44061756582077,1.8704143502262904,8.06115014535852,34.11869908239924,3.937642978580247,31.297636066858043,47.64091473760557,11.578503953070218,9,9,Not Ready Yet
74.64670717664443,76.55848575740048,75.86255423508274,78.37204483090137,73.07273760458321,77.06816672668441,73.05118637992125,73.24284720131186,5,4,Not Ready Yet
49.85047489791633,30.3438522201025,47.90078258231335,28.3450430735162,49.72022641357884,4.870302157374634,0.7470876509780122,38.31586572172399,10,9,Not Ready Yet
15.685935009165714,46.702798566076225,8.073624248862949,14.005866116475918,18.166413289818344,4.461462077175793,8.959312629198662,38.59702552137566,10,10,Not Ready Yet
58.95681698400719,67.63489389812983,67.91693045371318,68.49025161741079,59.78866191739341,57.542497988507584,56.159251222140384,58.362598146692044,8,8,Needs Improvement
74.61231326761485,75.62168720043007,72.82280869307479,70.75141493335224,73.71874811912687,74.05083045635705,77.89667760491243,78.92123335706442,4,4,Moderately Ready
75.04720363074159,71.39106010405375,70.94768206489046,73.38239519613872,75.13120353664102,77.68446271610863,72.00746161113685,77.86742996544024,4,5,Moderately Ready
26.75578776751701,40.91448726685829,5.45595254220908,9.013667975283457,5.417416586525864,47.977407247755956,19.847243937930703,21.655719801586493,10,10,Not Ready Yet
99.92876464193604,89.72590032408165,94.0458167703874,89.52438937341071,85.56750125506201,80.76564677731413,83.1148223502239,89.39935090325979,1,2,Highly Ready
81.24800517208273,96.1706716360886,95.79118258209671,99.57121647498155,84.26841662139856,84.22985775292227,80.45885472784117,95.17232785875669,3,2,Needs Improvement
52.504643101627245,52.24666289188188,58.29123264156851,56.370062453508126,63.819720641714156,66.68320433463896,60.44600297401762,63.053599194253394,7,6,Needs Improvement
98.03283474274491,86.84038295796003,95.06352101220264,83.29066562631806,86.98552518217886,88.38202155852694,89.50998835794721,93.77660986540576,1,3,Highly Ready
58.00448340784224,51.17876716029906,65.09530273145458,61.74831549505949,52.40055684006979,63.02332479069239,62.09722273501091,56.82718634570489,8,8,Not Ready Yet
67.13702002358335,67.80874918889074,59.990022030155544,56.69534108076188,65.25630274012364,63.13101559367001,55.73044849464633,64.00114868630605,7,6,Needs Improvement
28.91885083073603,1.8242985824580338,37.2853770773977,9.382847108012477,34.82230437773698,38.7192197762806,30.04716797827056,10.80686425718872,9,9,Not Ready Yet
87.27588907125462,86.03888942251427,86.13930843801576,96.3810303610203,82.49490703632193,89.98261327280278,99.98096338748894,88.28107452547354,2,2,Highly Ready
38.25405699604251,5.66899997232439,8.790690250256494,21.41918069613035,8.844758031052935,29.74459050694746,27.138143940223813,19.078166143979104,10,10,Not Ready Yet
81.79275880003343,80.32852986697262,98.64993503857846,82.07350604182555,94.99887358422976,92.4765138219638,90.89467482264371,92.67050302685847,0,2,Moderately Ready
38.84401263841609,27.579395614966685,5.725055260792461,42.81713160484069,47.52757479415855,17.530684161043204,39.6875608392169,23.197356392791395,10,9,Not Ready Yet
60.13609465289771,55.81696453566051,62.856273150153335,56.53314035454925,67.24811515444881,67.36807877916766,63.11941461524353,51.07483603211768,7,6,Needs Improvement
95.81020256495562,96.8153924966912,90.3792649239353,94.82490861415053,86.34941925631314,83.40821503984341,91.44374892008739,88.60039371875392,3,1,Highly Ready
40.06658231166764,28.892680789940968,6.443523220491299,31.81367456555802,48.867781731528304,8.685863540738453,45.20856861700302,25.86385390104489,10,9,Not Ready Yet
82.52660565141693,82.367454563296,91.5386749482574,87.84024355456691,95.24343738366937,98.33330724540801,96.74675755991123,83.18106337617343,2,1,Highly Ready
88.74842077665599,92.5778825238395,91.86576383606324,80.55636668474966,94.15151827688105,98.41188788002728,81.57545008835105,87.64809698243288,1,3,Highly Ready
62.7454089534459,54.99159402657006,54.488920462410974,66.1282222748889,64.07362717420251,65.52775313071062,57.80592523416168,55.68863502045451,6,7,Needs Improvement
80.46281645273962,99.69595679333129,97.33878092518735,82.21863038228865,98.54398050843096,82.45368646190713,82.83670772350774,85.23989348033142,1,0,Not Ready Yet
87.22794635783421,96.76631766676492,87.8160041720676,89.82073914936802,80.43913936819808,81.47151939369995,99.18434346104901,81.52625370179057,3,3,Highly Ready
59.11581352765771,53.89986560669926,56.37758968906496,67.26548706901212,62.87399508216448,62.36184122353634,66.3865606826999,53.10972851191823,7,7,Needs Improvement
27.324138583620844,7.9194134182291265,37.08484145049044,46.329158962366584,9.64226298261835,1.4777621388264661,1.1519087545554751,25.587236047149066,9,9,Needs Improvement
54.90524013736067,56.89571510623522,54.955700006350646,64.0993901822629,67.91726586430106,55.816629580602026,59.66834769834783,68.15812849741769,7,8,Needs Improvement
65.56221116277896,58.84911581298573,68.03422214984118,67.60226577129197,55.501676672050884,54.56177598511453,66.2286439982926,63.913130425359974,7,6,Needs Improvement
54.70497245466498,63.99708627746234,58.80249008455449,59.03083921691233,61.733936111982366,55.89013062928662,56.73747637281118,52.93606401183696,7,7,Needs Improvement
73.36564438105414,75.69428620766159,70.57839627597205,71.50524147603696,70.30384009795544,74.60221129117588,75.28182318574395,72.64126191612287,5,5,Moderately Ready
96.18080933730023,88.58773600919491,83.71829783286817,84.90636290202146,84.30368328943172,87.4332058983988,82.90079351954378,86.28905789886468,0,2,Highly Ready
84.27544854065428,91.34938505221001,86.4312247781074,84.65297483826288,81.32470285677773,85.67228505042223,84.24350329149699,84.34926839216354,2,0,Highly Ready
21.760278313526243,40.66972371940367,9.907520635844486,2.4829871217627755,24.696713126693282,2.3395921998693447,13.720772572322653,5.962951155041408,10,9,Not Ready Yet
55.25559450965709,51.38283655889827,51.32105339755117,65.09950145639371,61.36365732389082,51.083646285605255,59.311893262852614,53.35904491804221,7,6,Needs Improvement
80.32544584117146,89.39786703811882,96.5970043543746,88.30157737780416,86.0199654511621,86.34379323626939,86.91648936276799,81.59534417933973,2,3,Highly Ready
93.92913877725107,89.09163482387909,96.9734462560858,99.34305055595514,82.42825893209512,87.47812165881749,92.35954003076905,80.58576363682961,0,0,Highly Ready
72.90573136324062,76.18839020668179,73.92114216116869,71.5317230730664,71.72043723998198,78.12048836283786,73.31991579640902,78.12592524914463,4,4,Moderately Ready
51.77537125344921,51.86406102067684,56.477221692731675,55.74708835726918,63.38258872203165,65.24930094647958,57.83201635523451,63.57596694727313,6,8,Needs Improvement
15.966634028365794,7.4000741366426706,29.206515061780213,42.50768496313552,44.773853724186836,31.84518234684308,33.41176253645617,26.088185059871122,9,10,Not Ready Yet
38.63219869541547,24.135315502371828,4.589968645502634,38.31009913095615,35.569068820325384,17.65048487429143,41.77710483702731,12.118812896117854,9,9,Moderately Ready
84.24950942592741,93.40997907759777,89.3630078164505,87.70120444713793,89.75291149385791,86.80900278816543,96.27990835763859,95.23205064649055,2,2,Moderately Ready
42.39034895021893,5.2830237575342,6.50302552386553,45.83486220376334,19.278787439713135,22.62159469271406,31.023902637311828,10.15103637427876,10,9,Not Ready Yet
83.28392649982362,86.14293559662917,97.39662760157023,92.96765925020938,82.94579468085678,97.52392472433647,94.90051986429083,84.8112492288035,3,1,Highly Ready
62.9139390703733,59.14753648888485,55.7804170558592,67.68469895352032,52.51320179089667,58.76652546090773,53.71116083223152,60.03942705508524,8,7,Needs Improvement
87.39561350611041,80.98268801698413,87.65045057714009,98.56039917805617,83.87863252967684,83.7889926735598,83.53290209085482,85.51851399683397,3,3,Highly Ready
92.92689714565043,99.17943434582395,84.39159529137432,81.06275542006767,80.7137591503904,85.32356489282357,81.3169477182823,82.0206398182302,1,3,Highly Ready
10.994414886059001,41.203432857814306,34.584189306298995,24.75858301136843,8.551455954360831,10.178773979705985,31.844960632917484,35.29266737264148,10,9,Not Ready Yet
98.15564881272185,92.44236699890469,94.78181500812235,97.05127878586467,93.75871840694836,83.40465148018487,93.62884969554165,83.33290907552009,2,3,Highly Ready
74.27140621730166,73.00648734858216,71.59763546861214,72.37448969432204,70.69279361170922,76.11282648028691,77.67780701136294,75.34604639686117,5,4,Not Ready Yet
23.628412227848916,2.2588259797269252,0.8695410815129867,34.00231301427375,14.532928479969137,11.414383547480844,25.157323541978272,37.74962393439671,9,9,Not Ready Yet
57.042192326091936,59.831913301547395,57.314058824004796,60.82287131720864,62.94135338631928,55.56366321859664,59.25751371863558,65.89949061235245,7,8,Needs Improvement
64.94147331976046,66.42521088996753,67.23900289227477,61.72338373004189,53.029699212751346,63.34411483516961,64.10787976917926,51.37309100227212,7,6,Needs Improvement
70.27814207374536,75.1982578461551,76.26225477277946,73.8764845969884,71.85676768943135,70.80346584874823,78.2858253016571,73.40000433287474,4,5,Moderately Ready
8.747612411271527,45.51636676455526,17.442252817748077,16.559783514971365,29.45739195395048,47.263325003513586,13.812356557444966,9.52863322239368,10,9,Needs Improvement
28.33312152629831,39.62627827835847,17.349890726956925,5.509528878878761,0.41674394120537195,46.361651526960244,7.356554443507441,34.046153407628736,10,9,Not Ready Yet
52.163096863002565,56.3050811311652,59.169447278508216,54.911855437564185,65.85847081747121,53.22184378622084,59.79059595990768,51.09162445176997,7,8,Needs Improvement
82.75437568876418,97.57444192219756,95.70526597783126,90.03986472864837,99.17048584951243,91.21498229429677,99.07370508998684,94.26394198397828,1,1,Highly Ready
4.035896916241205,10.942888271859541,23.658888389518395,17.731611895832604,40.585454433597725,31.852232436180422,21.128164380458593,48.34534075266228,9,10,Not Ready Yet
54.11943544559432,58.84469287261827,66.76678329560636,65.47884449666003,53.50517446026043,64.8178864538008,55.50036801727439,58.49362146837345,6,7,Needs Improvement
61.199971621395164,62.30973889157756,60.8249521650426,57.767386988426026,66.76658662415551,58.864070681696845,53.49497775344763,58.95422396432162,7,8,Needs Improvement
58.69804507790466,58.569101969197725,58.38465523945624,51.4981128903184,61.0603638624817,68.234851567461,58.57653519207032,64.6054161975573,8,7,Needs Improvement
73.35800036896373,75.58800768024791,78.09921172328421,77.90024711668558,70.4818242326231,77.60596608023296,71.13342256565748,76.03071308175903,5,5,Moderately Ready
85.40349689571474,99.72347045688032,82.14097832642248,91.88679368755207,96.43880267300858,91.30886800311028,93.8118580477398,97.28628248883258,0,0,Highly Ready
75.0584432755695,78.70550615681515,71.22762475171605,78.05547107071524,75.75701315455363,71.3929794557991,75.65415516345216,76.4722783781769,4,5,Moderately Ready
70.00032140595614,75.43411596059123,71.08930975704196,70.87177273053568,71.83864288726794,74.26368162946333,77.49453807288587,73.99434287485796,4,4,Moderately Ready
68.68853279436223,65.76487723163292,66.15097446187667,60.84094645593231,65.79035625628889,63.2637680463816,66.46764998023858,62.10885332686854,7,6,Needs Improvement
96.37100201019622,93.14930725703863,83.41550983660146,94.8332944064779,90.93362051253781,89.52316797978676,85.80072377464906,93.35071058571631,3,2,Highly Ready
63.557748663406024,52.93204510473718,58.50413643302683,58.64699320992081,51.503471859556434,59.22748103858737,61.15576351441241,51.1983535919315,7,6,Needs Improvement
45.35292176705855,48.139826260247645,23.395355374524062,36.15326339690021,13.845201957643049,49.08768428799306,17.88738314086138,42.7919785905712,9,10,Not Ready Yet
8.724843955009892,7.570135724494975,32.796669274273924,28.15738817277963,22.97408719181356,42.93319500487181,7.00196485159551,39.24804693557604,10,10,Not Ready Yet
89.67489322670143,99.2511001932252,92.1168359605926,83.60749074459656,94.17000367155853,90.13960447540849,93.17810200533776,85.18452035329074,2,2,Not Ready Yet
1.4760922089335216,36.64387507706123,11.585215515099629,33.26304856919513,24.971695219812506,33.96611380443461,16.18296904858547,11.576728515821838,9,9,Not Ready Yet
73.4567511663014,78.75987754598637,78.30138218834496,70.55733980616282,72.25435464106697,70.3367644743712,76.74941447865915,73.97375607393806,5,4,Moderately Ready
76.2885315347134,73.39866051226072,78.89983777505579,75.164016954662,71.7976098564376,72.27245448097533,73.93763368658455,72.57480399332545,4,4,Moderately Ready
40.433610897512814,9.614790635562798,29.105397322864473,31.455783158478262,33.432912489848626,10.176980507835442,40.500442363531356,44.66455057458441,10,10,Not Ready Yet
93.64722411781209,99.15487228497692,94.56567043695335,90.56309007051222,83.80273801571174,84.14949559723885,96.55151478554798,90.01700570465715,2,1,Highly Ready
92.5094140136418,97.47953803403193,91.38304845663068,82.54384767746737,90.34493733916088,82.01826007931344,89.97424486735068,81.02958017609858,2,0,Highly Ready
72.60906832144008,77.45333650903729,73.51383769012585,73.2211467520265,77.85198281588599,71.42076718593414,72.5926209589317,74.80981429053995,4,5,Moderately Ready
27.297080940573625,44.590418827114426,29.13862558863263,46.84634429119205,49.2466964807559,32.66160004957692,1.6137362785805909,21.0702848661248,9,10,Not Ready Yet
90.94174695264732,94.67745338821547,98.48348524530898,93.26672254686349,97.56540358995326,84.71234403454588,81.45823803628416,98.95995193181278,0,2,Highly Ready
94.78578785247097,98.58727173218034,97.75037267080326,89.57542969980847,82.58929152347272,94.46659550692752,82.08122432762386,89.93193440252605,1,2,Not Ready Yet
39.07709190615769,43.822490040758865,11.387756847382802,46.562326720117234,1.317690973584812,39.09112804061292,9.808714141765929,30.406944774200937,10,9,Not Ready Yet
38.28407577321969,34.77202658550344,21.485932432613442,21.34167907742594,6.888521505737005,21.897642730918733,44.85733643757298,49.12672784311744,10,10,Not Ready Yet
78.262617293904,72.1435318744801,70.8279172949311,70.09044685247639,73.71758935397328,76.77312157299383,77.26961528613141,74.82595817083447,4,4,Moderately Ready
70.68950508169749,71.14044304897638,71.62534130024436,70.39347485324095,73.14700717793214,75.89688056717681,72.19819910066425,72.63171449428384,5,5,Moderately Ready
81.52755741032941,98.76740284914467,84.11721922381658,94.10510372150222,96.26849671556924,97.95280350969745,97.17520314757337,88.87083675162998,2,2,Highly Ready
55.39570425065752,67.07361257683958,56.739461083411356,60.74554514186097,52.878807090013886,57.23943814789993,58.39500940366857,68.11014223988124,7,7,Needs Improvement
82.74262977263709,99.51876811996027,84.61071853413272,94.83817317380989,84.2153926376623,87.44779970123034,96.32759418903888,82.83922464189942,1,3,Highly Ready
24.945374517263918,1.687809180579547,13.898366536289508,19.20883294210316,41.358942525497255,4.224664740160122,13.95462410694891,30.487386280274485,10,9,Highly Ready
2.220777505803273,10.286506034183118,9.221339844139548,21.554248233322777,2.612982563824373,15.257403638700428,27.077458338065558,17.390226921895103,9,10,Not Ready Yet
61.63725528044846,64.63053989777127,57.13699892956132,65.92631019046567,58.81336818325043,58.69588540559283,64.12607041533438,64.23746078866134,6,6,Needs Improvement
14.370923809153618,49.54455790593328,26.738069006615326,21.191751052663676,35.96100977372492,38.45061753649743,13.00503543114247,48.01525040764027,10,9,Needs Improvement
77.19630031394503,78.55870508752417,70.76983180634122,72.24939353720883,74.88524100677985,73.0377911786716,73.55141083409977,75.5399252434703,5,5,Needs Improvement
65.58467094516867,61.9439851658203,53.23751543107713,61.23193935970944,56.77780904656646,55.7613158021619,54.21811912945327,59.32903683417142,7,6,Needs Improvement
17.93618257351514,31.887154968204097,27.830420515627598,20.430544413099,28.978516138655785,3.977344660626969,44.852214161428996,27.572393534342392,9,10,Not Ready Yet
77.08062137279882,72.33586722479387,74.45436034459622,72.04677027220312,71.5704578632274,77.84115264238078,75.90380335931641,72.09405208401397,4,4,Moderately Ready
2.0977793460368046,35.86788484005348,3.0406433909027974,35.727478188265536,12.952737500996264,12.87225373689762,33.91939097826588,42.87451537303899,10,9,Not Ready Yet
70.69731228472621,73.99431415661158,74.59931965691635,72.1328084009616,72.93210141460071,73.34223425732732,77.40423648900648,73.74372703315719,5,5,Moderately Ready
75.462700658243,73.24258251499289,78.77588946128813,78.07653003087493,73.37244046655421,78.48231595576935,72.64656732676363,70.28041664840889,5,4,Moderately Ready
51.459635152758494,61.96268662666256,65.54461584713984,60.19433056476581,65.05572752175317,60.147280872631136,61.46675697588268,57.19294943600086,6,7,Not Ready Yet
83.00149371938254,95.25223672357512,92.98424155688956,99.1035869832801,99.17250334255664,99.84638843306615,91.30804769746898,99.95625936604131,3,0,Highly Ready
93.1839551813078,90.4067199589338,86.33878711896877,83.9004719012989,91.50487472013612,98.22139043271974,86.57369006321927,95.98011907452991,2,1,Highly Ready
48.619842572293024,34.653656646999146,22.250374307035774,47.88042712220057,20.49629068444712,3.9845035791339747,28.022856453673334,3.822188420085426,10,10,Not Ready Yet
73.76965206912062,75.12408028878562,77.44105525970984,71.12753132977674,74.83854307386648,76.98803444343352,73.66855695893575,75.26279802615288,4,5,Moderately Ready
53.123352404438755,58.353050228792476,60.09046688451215,53.67117435014406,59.89560421844822,66.86594234338112,54.56587590424496,54.238482786531016,7,6,Needs Improvement
72.37038510210503,74.99120901079802,78.37112648955541,76.68568593195795,71.13758156318313,70.30668101835792,73.88277878027695,76.21041908489481,4,4,Moderately Ready
6.372649372487327,34.846434949688906,12.071745362871699,14.669594585534051,16.840414664680626,41.235779187960134,16.832024079366768,30.43787204348653,9,9,Moderately Ready
87.09915264694676,88.97790683965,88.17749450070143,88.99507429312132,96.69609344537409,85.78582283223571,89.54212094845082,82.69211079678583,1,0,Highly Ready
75.34197958065148,73.32886517841492,75.84464284093488,73.41437122884342,73.94728336923197,74.57800472157298,75.29272789890838,78.50291289357139,4,4,Moderately Ready
51.86918304975602,60.31819754951767,60.453485581553785,60.148102039047906,67.70478425681898,56.134629605788,57.91321943502433,64.63140385755513,6,6,Needs Improvement
72.50430604201735,77.91625368996931,72.82930652719139,73.12611053558527,71.49033283492147,72.59058846134421,74.37972152941116,72.01270026689873,4,5,Moderately Ready
67.64128534622597,62.99580501776425,53.53805625235712,54.723176016948685,66.09821992484157,64.58756529569136,51.492302244685945,67.24574344393172,8,8,Highly Ready
77.49254045189608,70.23199574892122,71.82826845002575,78.47625362523584,75.14048646270129,76.58880476656125,74.68804505568451,77.4793403378475,5,4,Moderately Ready
88.64531896907918,85.26113064391372,97.29005502712995,99.86154500819045,94.63267485331231,82.32925280458325,87.0744232540788,81.58134158615432,1,0,Highly Ready
57.03606895334977,59.162353048855294,64.23939141058321,63.09746657302097,52.33359307589066,63.38287634899153,67.06090516332641,51.690423189109545,6,8,Needs Improvement
61.04706515297553,66.07743070867899,62.2694543349851,68.08528580830207,62.291130871649614,55.42644714164543,61.55418071725788,66.69806679321023,6,8,Needs Improvement
71.36289795756761,77.32481966677265,76.6020461653958,72.54339706291353,71.78715671385045,77.88277552871708,78.55749482398298,77.71441116563642,4,4,Moderately Ready
27.886858065134728,10.427348580207862,8.90575127259371,20.907967421405633,13.153690700746406,19.014511492485692,29.194947792111254,31.88573135014764,10,9,Not Ready Yet
66.7507033143795,63.02356443353801,59.823995562951495,62.34049496844248,61.761157933088406,60.781439666876665,56.31750996215342,54.94074951129119,7,7,Needs Improvement
33.12090949150372,5.790958991719197,23.236796616135358,15.94529772572698,5.676814670703773,34.84842903840889,35.240940052292444,38.68408906540701,10,10,Not Ready Yet
1.4481273632236669,13.396193276154772,10.755308676440494,42.54941745952811,20.450291060210485,28.112865526899196,16.159600861968563,33.74945235163657,10,10,Not Ready Yet
13.034969163078342,2.731668304025092,24.275269630620944,10.94740977132378,31.81330964659325,2.281426753293964,22.381817329604754,11.065502305517228,9,9,Not Ready Yet
92.21502800728145,82.5843066878559,90.79534620343445,99.00557126436065,80.42235386407567,87.58376256976317,95.60867051850714,86.66576160672733,2,0,Not Ready Yet
87.24195503227006,83.96879628080387,83.13985822173194,90.71397623353099,97.19445671406694,84.58668936642817,96.0257078947729,98.21307560412286,2,3,Highly Ready
72.23833372786734,70.12276799473669,77.60933765903306,76.79609630601999,74.73899844231222,74.51349388496158,77.12209115448668,70.38056651065133,5,5,Moderately Ready
95.44823269368261,84.94617477562696,85.44916491954258,82.47285661294994,95.68107223180782,93.10551917564138,82.62386378918526,94.81051472971166,2,0,Highly Ready
94.44225738994616,95.24771984407884,88.30760047140035,80.29483567813813,96.60503037895232,92.09743722065905,83.03695113890717,94.71746796193656,3,1,Highly Ready
58.65274874286653,64.38270043150914,56.43877158263993,59.260301497936254,52.79422593680664,68.44672299779141,61.371621269622494,57.77845304639858,7,6,Needs Improvement
72.50702110193778,72.55980686969303,76.32591516374674,74.55934154392426,73.44167502339864,78.93838560188796,76.54801708119219,78.56311645623028,4,5,Not Ready Yet
70.22402684074743,76.94085212863266,74.02376757806833,74.29125685295745,70.98053606439655,72.79548837983548,71.29394133602922,75.66922446178165,4,4,Moderately Ready
78.47883951223122,75.3406857941279,70.7549989988802,73.62875565550027,77.54263356522941,74.71065102150509,77.55685008391553,76.84523439475795,4,5,Moderately Ready
64.3292003280046,66.01782160037023,51.65717477937023,63.40195681285577,61.77714162556542,66.68570248857358,55.82660812457764,54.766035196115695,8,7,Needs Improvement
32.60043123205726,16.091897883032267,35.44340859465164,25.721555782410217,42.932645507039496,49.63776794562836,4.071715444784757,5.252193818130352,9,10,Not Ready Yet
71.45883802830764,76.73333886335269,71.49577276242009,73.93841133883403,78.74724646674828,70.3515575302357,73.81764002484576,71.53649878230307,5,4,Moderately Ready
14.837551160746543,21.773970125520343,14.711182832696657,46.09851087638221,33.834157985116406,26.124005139762957,30.755024362186,18.581590638984135,9,9,Not Ready Yet
54.68031314351147,62.05199677598414,63.86054640026807,60.34883611560851,55.52230853213355,59.33184298717311,67.85164497750392,67.68743268729565,8,6,Needs Improvement
77.46467214275027,70.08839067711824,73.74672648767405,71.35314168955715,70.60343211844409,78.79278520532267,72.80656458670781,71.68906984324313,4,5,Moderately Ready
62.249509755048855,61.70018029821034,52.201896029026436,62.454183504468276,66.9001773153881,57.20923402397924,51.25433080421262,54.4675319563035,7,7,Needs Improvement
64.80579910620176,67.81754255731023,61.10002133055259,62.54878838262421,54.6465860113097,61.66750428634578,52.85357309245948,54.895946450827566,6,7,Needs Improvement
90.4463560264285,92.89660256595229,87.65893032106163,91.5131142395703,97.06800439837127,92.0955041464027,99.3331777762323,94.7453105257953,3,1,Highly Ready
72.08647932784099,71.94799111650917,78.36592403225738,75.53431324898023,71.28999998780613,74.27917600327378,70.00222182951897,70.70008685487196,4,4,Moderately Ready
23.584453883427887,15.127916075428981,38.000371350830974,12.038644611889543,19.662333047877826,38.695981124613375,35.31222957166955,17.74958160212704,10,9,Not Ready Yet
77.50244440510593,76.40212910090354,77.558884933108,75.04437278937415,74.41084154140873,77.10068550150731,76.16830826611934,75.02114576174213,5,5,Not Ready Yet
73.29118457956874,74.19468292546796,76.03035187806132,76.55642352861689,71.92401964629268,75.03814620440195,78.98110101584685,78.45466434001071,5,5,Moderately Ready
71.76252476855163,73.24892239819485,71.75399746038416,75.27569567258296,72.95606390272809,78.19936680286979,78.24226390036823,74.52514020572659,4,5,Highly Ready
92.83348120432122,87.96588004289826,99.91475696794674,94.08528972462385,85.48347661275722,81.1445400075824,91.44361836065735,80.60852987515707,3,3,Highly Ready
37.49679992904396,32.37742474324492,27.279366853621113,5.194364129824036,18.47669297040886,30.646024604985538,35.66552257284214,35.28197882182753,9,9,Not Ready Yet
96.91606270066302,81.12095988443166,92.74956311443312,81.24650944981524,81.94950921206032,90.88166971169086,99.66806856581209,83.88364756928462,0,2,Highly Ready
54.04584385680441,68.75286496105235,63.99843964723809,57.59261823664701,51.255081824435386,62.96091606659528,58.49481710105315,63.019004300635615,6,6,Needs Improvement
74.5137312436672,76.56061359792741,70.75571830237855,73.99058983773422,72.47972909716339,71.78815061001815,74.54919247838306,71.55671392170859,4,5,Moderately Ready
53.118862287298924,59.39254102280079,66.0499012957011,52.549714194174165,67.74491131554616,52.586915165876675,67.52419966183686,54.28501748391916,6,6,Needs Improvement
68.38378072054634,64.80100623554024,65.19726021727843,54.91546533616648,57.741532059656706,52.46294879756548,64.03698178364539,55.44117812469662,8,8,Needs Improvement
76.64299421902457,72.79438355922713,73.4137941103669,72.58368900866833,72.51067055958386,75.08535961687467,73.72584495718512,77.51747737597084,5,4,Moderately Ready
76.27802344379116,72.38090629005215,74.40897094604655,75.2082654779592,73.13973277025919,75.77643319746393,74.04705830265209,75.67923766511201,4,4,Needs Improvement
28.435565237202788,49.68778181902597,21.692669893399447,32.30039917338949,34.10088784853794,14.43445019701382,17.109058312942764,48.424522766383454,10,9,Not Ready Yet
74.20919377615759,70.28303245676513,71.03768367061964,75.92498963087814,71.677829595483,71.2583375364931,75.28138685157089,73.3505447288895,5,4,Moderately Ready
62.33049743220146,66.64792382879878,51.142169437240874,58.585339729181875,57.02482460483978,62.6618636418405,52.80373838073021,67.43667881521642,7,6,Needs Improvement
37.60225885426624,21.95043556735714,30.830616301464165,29.678737586723713,34.72492189517933,36.5477429327866,23.678603706544788,12.179436256205573,10,10,Not Ready Yet
15.008664891171813,48.538283604752095,43.87163565840685,38.15864955438466,45.04327622312546,25.348037894016244,21.04929924975865,38.70362239679731,10,9,Not Ready Yet
78.30118237961265,77.97935721555099,78.68712049930306,78.48561698732352,71.78615928861085,78.75184977137964,76.76665082764583,71.16901744135214,5,4,Moderately Ready
95.31646223984077,96.02979247958994,89.17427039086726,83.30684162089045,80.01686418929825,82.94982019072869,97.65909480632371,86.02564667277437,0,1,Highly Ready
73.92893993714081,76.51720948668266,71.38724143179076,74.99813408114773,76.98047668016196,70.04450304281784,71.43396823929554,70.89922126559321,5,4,Moderately Ready
41.567349606560164,35.311205030509086,38.152808665092934,4.79124314620119,6.425119682534297,38.15221486064136,6.6763134300274976,38.66302196946435,10,10,Not Ready Yet
17.34335924994548,33.493833892207256,48.51128331811314,1.3448134890549024,44.27940644641307,8.908001619519263,11.75787909669152,18.114021919612195,9,10,Not Ready Yet
82.76159800588334,83.75941098395704,84.22464688151149,88.70801256490503,86.7917331135372,93.08089869914586,88.51422639947349,85.69928248391928,3,3,Highly Ready
99.10034141268386,83.59035911612851,87.96432281767424,90.3469714275349,82.12861112727563,96.12457872668512,86.9257373640039,94.65341316184477,3,0,Highly Ready
75.17213988723408,73.45591256899154,74.09222859221919,74.37525445881751,78.63928946876342,73.61533051581765,76.94223694123775,72.72659061718606,5,4,Moderately Ready
39.05017654357377,35.60117383862417,42.2084203120411,48.58851222875036,5.583606952985642,8.941978208994305,21.203256223988394,37.98053912202709,9,9,Not Ready Yet
98.68354152255725,91.80306036142059,83.95226098819022,96.25670218684078,94.55257533076482,89.09978724045874,80.97087196480679,85.6342791080243,0,3,Highly Ready
44.45829674576529,34.31938192594663,12.616340229549456,16.87308724038164,14.80722269670432,40.95846713465837,27.137424896372675,8.93640901641536,10,10,Not Ready Yet
85.95366696059446,80.71230152186438,82.23366563875146,94.63808626482074,90.62537070195083,87.92429137954514,83.5046729570697,90.69970400550552,1,1,Highly Ready
13.734811673084746,48.59263876752215,34.44959805057985,12.20503520919946,41.278570481978534,41.74589512209084,36.63438887167187,26.177937376897138,10,9,Not Ready Yet
80.7657475988195,92.18706980002572,94.4762040134988,96.24952955276324,82.02245434849158,90.25264560882248,94.50798140149784,86.75545482746371,2,3,Highly Ready
47.51794403298461,12.842900202272068,32.644771688686646,44.14626809927943,41.84266586316624,21.671764167085307,5.821271536366934,9.582181860094934,10,10,Not Ready Yet
70.43948097801304,75.16002414566476,71.9368833962565,78.41930439272903,72.47308078200987,76.1997695491074,71.67142124840382,74.51406776192007,4,5,Moderately Ready
72.45411463115707,73.66464512694051,70.16847053943914,73.72892355855491,71.16790248805968,72.40347951771297,75.39171505803111,78.78307860131346,5,4,Moderately Ready
76.3810765886417,71.98951942155884,75.50247651033462,76.55347573316322,75.48384538622778,74.14579737403413,73.78688307637687,75.35707684575594,5,5,Moderately Ready
86.39285614287351,96.45257405107961,83.03557253807001,97.08711977937388,89.97949290434083,90.6448073234745,83.40026820793538,87.80122507448384,3,0,Highly Ready
91.22651472463417,86.90598384784043,84.15102403581305,99.69737209820624,87.38382910252105,85.83646085126065,86.30676171950984,93.49002740791144,0,1,Highly Ready
75.08403193119003,73.73853695364619,76.88446141936387,76.76249567240636,72.55498912936416,76.69646817011245,78.90712215835204,73.37755902328034,4,5,Moderately Ready
84.36610761453288,99.84261812428127,91.414900316201,83.57244876994092,83.1823503623716,95.55049359565716,94.68921422643908,88.02233018727159,3,2,Highly Ready
75.39323684208034,72.87463147889449,73.26857213431956,70.9507489947834,77.96282079951163,78.64215460194724,76.85577818547124,72.85997587085323,5,4,Moderately Ready
23.19569710131117,41.306921811606855,22.472796275082153,46.19552786400239,8.881331384202223,14.420390502861652,26.63328529516842,16.70274241377968,10,9,Not Ready Yet
93.06208482654391,99.48494783316099,88.20587608052416,92.72833750084654,92.37751934292803,82.7714408352533,92.39840589513797,99.97819767601874,3,0,Highly Ready
53.996259691175155,62.25891223918232,63.31853508679119,68.13322945434844,51.408951277832514,61.82416658031363,65.21783754061228,58.008108913429325,8,6,Needs Improvement
76.50754097008594,72.15383792353346,74.24952002938292,76.41513270357602,71.79806771803288,71.19385051456717,70.58331541009255,70.27800782667894,5,5,Moderately Ready
73.992878764178,72.17695284017013,71.59190103974377,74.15265604482542,75.77241334319424,77.2331827613418,77.54087905571858,77.84876913041921,4,4,Moderately Ready
3.4921135779035497,37.430428725601196,34.10117986681773,20.3173353772844,25.988375766401937,23.510461249265436,19.26577950655133,39.152136600423454,10,9,Not Ready Yet
96.55507664770361,81.19572539522693,96.23324787592838,96.566154781329,94.50301077496432,80.79812919547756,87.98858876774082,98.54779802435036,3,3,Highly Ready
96.94140766002224,95.15880850333401,91.59623961949018,95.83237083431835,94.43988430037402,87.32929012371496,93.13073997793117,82.83900200023868,1,3,Highly Ready
72.97023116632045,76.243444514771,74.1241781867501,76.38174594509745,76.77252225728748,76.81282519802448,73.08198611928246,76.20274704696274,5,5,Moderately Ready
61.69970633568916,64.7038092801003,53.664431537628374,56.19174774338997,54.9783877122631,57.67532013463758,57.52903623020989,56.24192936360783,8,6,Needs Improvement
58.91752235680086,56.30783309623557,64.38719699154478,63.511485295846725,53.63747052054174,56.26199182469142,57.91608013683188,62.4617219425926,6,6,Needs Improvement
51.21720089517222,57.55491230622313,60.154648091034815,66.6641860748091,60.302723283359434,59.585538038106854,67.2000721474542,68.5032596304703,8,6,Needs Improvement
57.8036173401576,67.66948143194932,62.67077706042063,66.67408068071502,59.67694471148381,59.71197164169256,57.837702604056794,63.03740670565567,6,7,Needs Improvement
72.01878990494308,72.50483993796834,77.00212923853738,77.10346821752431,75.849969959054,73.2085131741249,74.13389540556574,78.21432255020535,4,4,Moderately Ready
70.29556477506772,75.63761825777263,78.56825442586567,74.56674851927743,72.44326204791338,78.65490561584222,77.61945057415457,74.839561818939,4,4,Moderately Ready
12.398597316701798,12.803603633221183,36.97178892146224,34.48495191944146,32.54036078509785,12.254352580137523,34.48187251291436,22.803302547868594,9,10,Not Ready Yet
54.42025499939971,65.95246284093263,52.14604084425075,67.25640456665963,60.40603860802722,52.09557203754169,55.096552479199545,61.54219303809292,8,7,Needs Improvement
44.08203541540078,2.5541399862089476,39.50080634426538,3.652727304557646,23.914952246996158,22.094903544852958,23.80179025135794,4.993795433032822,9,10,Not Ready Yet
61.47084381979407,66.50050385512262,53.007430232760804,66.95731469964647,64.99312555467554,54.506377761072486,65.50378556123961,62.05943907499145,7,6,Needs Improvement
61.82437463755441,59.86689251184693,54.17757376965515,60.13127367719288,60.25560423066916,68.12584255348915,56.393470814493284,66.61069740041658,6,7,Needs Improvement
60.05512104599529,62.26659099698654,53.00646105103286,64.61902006732335,54.27924506944751,51.117311147941166,67.08060961617812,60.17186273983951,7,6,Needs Improvement
73.88813425642837,72.74176881351406,78.32765803306005,73.98878499926542,75.74094677852564,74.84731085153683,71.64390104072064,77.00912614150647,4,4,Moderately Ready
56.760285495188604,60.54719135533095,52.85250811521287,56.401105543195655,61.97148038286905,61.2781516767589,53.78275769820644,53.814979057418356,7,6,Needs Improvement
71.41419392027804,78.61036284005789,78.83038967299444,75.88141566781005,77.09873769247667,77.01779421074848,72.42444867684328,78.39559190992787,5,5,Moderately Ready
57.00699896425585,57.3708042869431,64.4138508414942,59.09474175828922,58.65536242827144,58.08375970816996,58.50822548644323,64.72000939339229,7,6,Needs Improvement
40.26853782681014,48.74928796920542,38.35242996894095,0.9739811787504937,35.21694548510503,10.430452101698002,35.833634904000654,14.73984451314499,10,9,Not Ready Yet
57.883314012455436,61.04522702157125,64.30230526320739,65.35454310379652,62.11600508580343,58.92185669701742,55.931334360860454,52.33968444449067,6,7,Needs Improvement
23.493587952869145,48.556658605749945,2.299997501532708,32.970911782258376,34.390048295159524,45.444367344114426,24.352067429515017,14.007130632895676,10,9,Needs Improvement
86.85383860409948,90.75791424057616,88.76248745972009,85.68470658526283,89.43681733821104,97.61699479070697,81.47977520891212,99.54357516396685,3,1,Highly Ready
75.16679308414422,75.05652746403251,73.94435078059912,72.95057901855259,74.91926633466097,75.94621707757169,75.01006989016568,77.3557899342684,4,4,Moderately Ready
93.98502628675143,94.78116487174648,99.14400277337928,87.22459225432627,95.45405975667244,94.94546396800655,84.29625633122623,86.42534262960052,1,3,Highly Ready
63.198038440092624,63.67308559017229,55.5964399789654,64.45770504167871,51.41648954544111,53.14542786449435,58.394021106451426,58.133543659069886,7,6,Needs Improvement
87.46948719266075,91.31429187017783,99.913089280141,99.19576518300347,97.46161770794961,86.54140022250078,90.77618785083435,85.65292843801014,2,0,Not Ready Yet
99.48455073807995,95.61176420932038,90.6352487442231,95.9718195369095,96.92598683409183,81.75460511057454,98.44993762201767,92.20062965902298,1,0,Highly Ready
23.28575829091988,44.46778926273457,49.71748394479476,7.610265780405584,16.52147213854856,9.08369110816712,28.761188439953965,22.702354016793503,10,9,Not Ready Yet
0.31769783187275413,41.411132138202895,0.9435825081683336,11.2614968129934,21.357482355272367,12.942647507628285,11.144499325892504,33.726915630615814,10,10,Not Ready Yet
75.16994573420442,73.19180779933328,77.92280566270753,77.80518810593861,71.37344304248413,76.9569280097973,71.85529754144203,71.63428048721006,4,4,Moderately Ready
78.59194535481484,72.94714943196628,72.83802624312185,72.07093469741571,71.87926528465236,72.72636556230188,73.81855274676556,72.43970146102316,4,5,Moderately Ready
97.97759263878862,88.79281880305858,96.68314485967363,87.50227883836983,88.87904925160598,94.87884757730187,94.79825529584055,87.60833130020116,3,3,Highly Ready
38.5491868035886,29.510859703458625,6.232465838213192,48.46218905415266,25.33516657102227,28.915176810517284,25.82480911974003,8.144149838613851,9,9,Not Ready Yet
17.91951758775211,49.76787802460774,20.756393369652752,10.516373062562979,4.5395489036259065,25.345509260840142,23.898947706552047,25.43676276206685,10,9,Not Ready Yet
88.40027904515092,99.2313751365979,82.00132047454731,87.2078488686281,86.19963449784139,81.30611202629639,98.91881195423129,93.0400367529235,1,0,Highly Ready
0.7925014761496818,48.211723295866,36.481455582141734,44.866559774902065,2.2684746014832724,42.370740417017835,8.867919282830972,0.46369736192684585,9,9,Not Ready Yet
3.059073014633534,40.119013640964624,43.31725304568157,33.047609512911954,18.585201955420906,20.74381851526003,7.874134711637776,8.620999446003685,9,9,Not Ready Yet
52.96904836712794,53.92272685870262,59.95599704737502,56.509166712058914,62.25562477646257,67.3616553481344,55.77326420839462,56.779309231881854,6,7,Needs Improvement
80.68445544465644,97.44056390886617,98.27153867597197,80.92998900107666,87.54073541797732,91.97014953531664,90.50409200336638,83.16345156730938,0,2,Highly Ready
78.89372357425788,71.01169530837664,74.2812043292813,78.85031908553609,77.70526383879252,74.83054480674672,71.20964856231392,75.42943985972424,4,5,Moderately Ready
45.144147521578375,6.40993055808412,32.8187136128493,18.27913632873645,30.680478613239504,35.81576462700899,23.88949226319853,37.435945805568004,9,9,Not Ready Yet
77.24902733028384,71.2833597811309,75.93288937017098,76.68866713980661,76.45541260864248,72.54069800661699,75.53513098468672,72.24800914552816,5,4,Moderately Ready
68.53122140704606,63.030414541319935,60.35850466269462,61.38900795413235,66.90449111760456,64.67808511995955,53.37072774695599,58.5963771398803,8,6,Needs Improvement
95.99542772546857,92.63760448217667,95.88389712540747,99.5906123790402,80.28643461211837,92.69261301072152,96.7075818471271,84.75658657578903,3,2,Highly Ready
89.67689720655686,86.87803539451185,92.57425842725125,96.33978977364,91.54402962411297,89.04208227883261,84.29672382074499,92.42625121218035,3,0,Highly Ready
60.26083636753217,57.072306141783166,68.94034269500884,54.353749160432216,57.13769390080715,66.69548000970775,64.8961402168886,59.21368811978746,6,8,Needs Improvement
55.731540226460396,65.07517683936358,58.6772613343691,51.457451815646614,60.77973816001495,52.702503368916,68.55158192093523,65.94140318036426,6,8,Needs Improvement
57.25723640267959,59.14616683014448,60.95937372533687,67.91187528888442,68.3932659298585,68.49023578379322,54.287022792965516,65.7604791741259,8,6,Needs Improvement
71.99671382444502,70.15047314605187,76.60071091131391,73.18542847581335,75.40842669471681,71.36594072778483,77.73933578114996,74.72540701495824,5,4,Moderately Ready
70.90124265941658,71.49071964408581,75.70881359078338,75.56365836438773,77.58914913517117,76.75993763241748,71.36845972290183,78.47972789105903,5,4,Moderately Ready
68.44463480323691,58.21571118635636,58.01590319139674,60.39147416871905,58.58275453811437,59.57782492357548,56.79458308555303,63.987857661296275,7,6,Needs Improvement
91.11514757098558,86.23210701476854,98.46104304991073,92.26234534293188,99.18551505607587,81.18444454001927,88.20751058165777,82.87583134784283,1,1,Highly Ready
32.30423123352575,19.549983215114626,9.66856488904852,41.71645132839953,3.526581908131038,48.1678671945073,13.810893573030953,44.63192500227709,9,9,Not Ready Yet
76.05014261960412,76.84526135733147,70.09692133017488,71.05562811855661,72.80044531612224,70.92350989539118,75.65691162188365,74.23998399145626,5,5,Moderately Ready
92.2007139704179,83.07353214478533,97.60453760310902,95.0850051508108,94.40013637265223,97.50470955254178,98.9897581916987,80.81943264327968,2,0,Highly Ready
8.422800479919578,35.48803355225806,43.275307042321415,24.36520560028386,14.555346304414202,26.141965427640883,4.428647830190247,36.587965340657554,10,9,Not Ready Yet
48.162220952092596,21.083705893401994,31.902995372261884,43.25836217773914,14.010178239019583,36.20261838005581,13.793281802807506,12.583540245989495,10,10,Not Ready Yet
51.232669977995435,63.83572113892322,59.7398776588544,61.54411413453198,54.98498644411206,58.807806596020704,55.78357495271696,68.9514456842586,8,7,Highly Ready
43.5196730961066,33.37785168833555,2.105061561488475,5.389883961656327,41.91028244554995,32.13388880866449,4.928836440900536,4.7456782748823425,9,10,Not Ready Yet
35.91445004355526,1.9932461333663942,32.3544236973436,22.01225416818001,23.03714848061834,43.1705633263161,1.8638118878740784,19.934637029901392,10,9,Not Ready Yet
70.2172998091183,78.51354782253996,70.88923780344793,78.28602723560702,77.21705721508988,76.56151630811101,77.6448707507439,72.28162802925185,5,5,Moderately Ready
77.05338821880662,72.9206116283226,76.29193985401676,75.71326595074358,76.9175002511052,71.44532899472438,75.02629988593817,77.77134613637253,5,5,Moderately Ready
54.0970442682874,59.997055317607774,52.59965018933817,57.332484611088404,60.68822583047649,65.49280221054138,68.38626527857987,56.6976146170221,7,6,Needs Improvement
86.25848690000173,89.94385386101528,83.72384291240043,87.6539276841505,85.29360783934236,94.14792172393808,87.01187809363026,96.11794999804633,2,1,Highly Ready
71.00332542291363,75.23662151988408,78.179472934865,76.30205470905281,75.04436761636907,76.81093519955346,74.84428923279921,73.58174109135746,4,4,Moderately Ready
91.95938764731545,97.53866101252886,88.09274179521334,85.2674009123095,94.3177620083338,90.65655504968757,87.93513478830937,98.42516651529672,0,2,Highly Ready
84.49649713077189,96.52268067609859,84.91807185828495,83.1002363067152,99.85354561713163,80.52718378521396,84.48937204975604,93.9015820597503,1,1,Highly Ready
77.3037279169538,71.30839027547661,72.67113821352363,78.68131434311692,77.71778209142376,74.34945960001183,73.9505490417088,75.00690112978991,4,5,Moderately Ready
75.22806051817948,75.64529597892695,77.99743726939771,78.81217974784921,76.7211350228893,76.36071335651856,78.83724572714955,77.23083476882822,5,5,Moderately Ready
67.65910496461838,55.224704546949155,60.72664399763446,52.386728072506486,63.477583113468214,56.78992592900249,65.89406204039308,63.64382671150652,8,8,Needs Improvement
78.25731508477008,78.86953799104009,76.37518526078492,74.81823922560635,70.94326859165193,77.43664380488414,72.05041982591865,73.13508510185838,4,5,Moderately Ready
51.957626195880025,62.138506933165175,59.94839303671667,58.85131650540113,68.1569522017553,54.084141257390925,61.0792571311625,61.06192874688652,6,7,Needs Improvement
7.394006127035924,34.100350497071545,3.2706379721813783,35.94343970570355,28.487681318824016,47.36755635460054,36.38802507056928,35.680609419099426,10,10,Not Ready Yet
75.95620744726811,72.78842747841449,76.27485375905043,72.74194961022437,72.09307914323148,77.18574710848718,74.57159439114042,73.6642779953636,5,4,Highly Ready
87.16699027828092,82.3936676643224,99.54707698092065,92.2770091986103,90.59543958510629,94.60760685223448,94.65112674156114,84.9759906500253,1,1,Highly Ready
89.89950101504729,82.39000191268177,81.78211451979897,98.92294278793861,91.4800577910138,98.98059780677454,87.74902281238346,88.15148374159496,3,1,Highly Ready
56.60151690537352,54.19339711018453,58.746496020430044,55.53625441338325,52.633220831470155,55.68910021503046,54.61093129276874,57.32161232636458,8,8,Needs Improvement
95.03630773634134,90.47734547522185,80.40801523317415,92.12318853451325,99.64020245628481,81.18292401473374,87.46293963424718,83.37026223566069,0,0,Highly Ready
51.49776405394589,67.2926108257876,61.14056464096195,66.46845523453509,68.20281062351967,54.39267772031331,62.17570314532239,54.27216069127509,6,7,Needs Improvement
98.2522925964998,91.99436610552196,91.47970023407464,97.82873532782459,94.12735132067994,97.59343888938183,83.54984022786151,82.97699508284948,3,0,Highly Ready
96.14409669253945,86.23330696449167,85.828618870344,86.98108042523742,83.60833519549762,90.36977695932765,98.00461204345845,89.95302098887558,1,2,Moderately Ready
41.58850624741831,39.20313248333915,47.20055502518326,33.43525400551477,3.2731791355997073,12.311108546589878,7.069068863783534,48.01935323237833,10,9,Needs Improvement
2.93120925002191,49.11728163105422,24.021169845352823,42.18006838473233,32.98300121264064,37.730576410540266,29.556660763465004,42.388707965554225,9,10,Not Ready Yet
32.15992532705221,14.12807789456711,6.773783433401793,38.176130577192275,14.64795766184005,31.31696374204725,20.211904285527325,18.85334740668121,10,9,Not Ready Yet
28.062649624088586,30.48316180289114,15.294879115229321,49.61436792699991,38.537038597164276,38.54213680477902,34.94508268502188,26.377506491265144,9,9,Not Ready Yet
91.74939718065431,98.00552689601108,90.85574063261728,92.81864856386983,94.78514105796158,90.6858426374142,80.94415097933533,86.05891844405255,1,2,Highly Ready
93.68330745007175,88.67608126082123,90.16749658047921,96.98441597495825,90.1749116734898,93.62266774463401,80.89441417316527,84.28986327330034,3,1,Highly Ready
70.65667133350902,71.832474101018,71.86063247278562,75.76379027602935,70.1403343856864,78.2987770470485,71.85426855163936,76.2045056823416,5,4,Moderately Ready
78.23720489056211,72.97675626620365,71.59351975384183,73.50924193441234,72.05534641702513,78.25825325802032,73.61762860717484,71.4033609351145,4,5,Moderately Ready
35.50862143328166,45.10439061604083,15.486962424545093,47.01363961349466,32.66681795441864,45.68680907510777,20.460170392051808,0.5113700091419204,10,10,Not Ready Yet
54.41093728468599,65.02605622103734,55.561658701318,51.187734732610494,63.46541651426578,51.752388287544484,64.80827894869675,53.31998844395082,8,6,Needs Improvement
82.30556803329644,98.04434281456322,89.7707361081988,83.66717123045619,86.54757129659752,98.87006249131157,85.12998326947051,93.61811201498261,3,2,Highly Ready
61.26195000638802,52.95285694075977,53.1492126964652,65.81179465309377,66.91247805683516,68.10376333860349,60.98549976375831,59.96340986798843,6,8,Needs Improvement
82.18687789312104,84.57290158242454,96.66189467729089,83.68956656509758,95.25082822048914,96.12818227222567,84.83503690897653,92.30641653700201,3,1,Highly Ready
2.0525953407871556,46.680779570199284,38.33950906042293,9.448471206631215,10.521567882936505,15.896065549462246,28.440067549873564,47.42947077479606,10,10,Not Ready Yet
71.80584368194688,75.79721653094778,73.52180677965514,71.37787765652978,72.62625039033854,70.57284442355574,71.65566845718713,71.74905182438341,5,4,Moderately Ready
12.288806066535429,26.42783011786883,27.84265658300295,7.168172503681236,48.20882689861713,2.835656371476425,34.23814142686551,20.49620841370795,9,9,Not Ready Yet
53.582756580616184,52.868266763669986,55.205915362434304,57.861841008525914,61.128809817519155,65.64670918118574,64.83651779744912,53.153557668820426,6,8,Needs Improvement
81.47848025259276,92.97725257635092,98.2162291521472,98.74421873263893,92.89580306202988,85.64936901414544,92.32098182838665,88.99342416379467,1,3,Highly Ready
68.78359463409004,59.18971705901863,67.54967740308032,53.7564825279714,60.65618418030439,57.48243264875648,53.59933322044866,62.467677855175836,6,7,Needs Improvement
57.625405723751335,51.37686826118274,65.49810862092255,53.59170793567589,59.278777252038466,63.792344866964896,60.746973464863785,55.08574099670953,7,6,Needs Improvement
58.30426245615283,66.90519226729171,59.29046770335799,59.141612574384155,68.14273453497864,59.343308780670796,57.080423979969304,62.976721653192456,6,8,Needs Improvement
76.41330875246737,75.11547934078736,78.53204504298013,76.56376119653831,77.05713201738808,73.2707341470062,74.1703833709199,77.76194815990172,5,5,Moderately Ready
53.54396681833404,52.955703271708764,62.740273938639135,56.40576493951804,65.99198211135858,64.94239790485797,62.2247296230355,51.91594275526237,6,7,Needs Improvement
78.43409778667619,73.88605437146751,78.48879352202135,70.21451856379007,71.85807953382832,75.10653615000055,71.55106710985213,78.85269299681295,4,5,Moderately Ready
72.84841621828987,72.21128632733428,76.64619114380326,76.86358242766016,74.3801648903335,75.49322239605473,76.8705336191574,74.77529299719527,4,4,Moderately Ready
80.17337365749057,97.24498538217898,81.055054117964,97.05201850681706,86.26587762408892,98.03607513855343,84.06014140599733,83.01205872862884,1,2,Highly Ready
98.184912102744,91.66897042162942,96.56509018638984,89.50174664536428,94.07206433642179,85.79482097972043,82.0299897793436,91.23775112030094,1,1,Highly Ready
45.51157452847395,20.483994542911805,28.083203566194026,31.434124510574218,34.993130707481136,14.061730612055845,42.399735340346254,12.469489863561362,9,9,Not Ready Yet
1.9689173011477046,44.01159002667261,23.64065437740451,23.844002250752578,38.35690469293077,29.308768618152097,49.388652599584944,18.119211469196593,10,9,Not Ready Yet
48.51483534714841,47.33020390263264,28.339150303538446,44.280193127608534,49.390764938671325,44.32453526927835,3.4444995884729437,6.747170025121829,10,10,Not Ready Yet
78.4152599134945,78.6437295974801,71.77418644468618,75.70800486867344,72.63114516737069,77.1350368003462,77.07919529637437,73.19240665007615,5,4,Moderately Ready
42.56264129754743,9.601157349878097,14.01229202078148,26.021580362424203,45.79625279584689,24.480452507200667,45.29083265620542,2.6005535011757566,9,10,Moderately Ready
58.79309409912915,51.72820328854812,64.49995721810862,64.67577114567518,59.24557542703591,52.444395348374094,60.92293404463476,53.35169741285384,8,6,Needs Improvement
83.99284793504101,89.4024193853165,87.76794270217168,93.90576566337107,85.40567378652932,87.50283916825576,87.33587798523098,90.25168431604305,3,3,Highly Ready
57.232303715825886,55.70858286278611,54.4722617924135,56.06954043209631,52.49951026171768,59.097735990121734,63.092542614983884,65.49855311208968,7,8,Needs Improvement
82.57051658723155,95.241267101027,84.85922054565171,83.54214435419266,81.29918339163156,91.43817615530745,84.73890658898304,81.74774152989542,0,0,Highly Ready
86.8226961598038,98.17822852990935,81.40765550080594,91.65509829314446,99.31288672556718,99.38219509434148,92.62005833885095,86.6180127540427,0,0,Highly Ready
83.99042620033057,94.92128162481814,81.6231119909249,81.83407764408803,99.02783842259436,80.07682270302912,95.83185459458844,84.6615149394004,0,0,Highly Ready
26.466674056887097,23.802205479722815,9.864987696795769,49.396478941775996,30.272891263020774,9.303244005594568,14.403174717562173,33.80796670608671,9,10,Not Ready Yet
70.7160246937175,78.76771320238325,72.36935435455318,77.90358983634401,75.17890672947848,71.70411029681343,71.11609276626865,76.85499869795157,4,4,Moderately Ready
55.098879821029485,58.10402351197112,66.04872727886995,56.34095092734673,58.421075754760054,62.53070957315903,54.928648096899835,55.517096376720325,7,8,Needs Improvement
75.89357950549577,78.71325138324335,72.26501354972305,76.78867384382619,70.58188003714812,70.56504679057976,73.09800927433551,76.59622762012211,5,4,Moderately Ready
37.21343490276527,4.411584257482754,29.406931166122146,45.816669208733984,18.07398933845608,34.05404076185333,33.90977753672603,3.2939406369630717,10,10,Not Ready Yet
40.548268512058556,18.522169627135593,15.012358785946844,24.454372865510983,27.295845001599723,37.24846772487649,11.405581454645514,8.527646974734765,10,10,Not Ready Yet
16.218388797136402,39.812582674056884,47.26065694253,20.162084126332346,43.434116579253065,23.219628800517473,7.6342423044453875,36.89295975511971,10,10,Not Ready Yet
95.76530610274128,87.629147021437,97.40501010897651,82.98767855754767,87.31420099943134,88.68762534728275,96.34809593286694,98.10724618625342,1,1,Highly Ready
73.52162479795957,71.34909844724842,73.0358369632051,70.19512604531573,73.53008707929288,72.73169917961958,78.59676185015091,74.94395771249404,4,4,Moderately Ready
24.95684453578898,21.75537867372143,42.57985433929438,24.367107066921857,33.28946011504546,17.668470353424333,5.300575147161657,47.64751580479834,10,10,Not Ready Yet
78.49004189258876,77.23259841611709,73.7471087233317,70.11670834281824,72.77206909420771,71.42742157017607,75.67413131740322,76.15651811336221,5,4,Moderately Ready
73.06987516971536,73.36019224870293,76.19663049859463,71.15320164208194,75.08794919948188,74.26170739209745,70.15938808786649,73.3300766479448,4,4,Moderately Ready
67.38263022671437,67.24597334582856,62.40968570473255,67.2331196181886,59.57137827696286,56.049564182683255,57.133632066771064,65.28872425823728,8,6,Needs Improvement
75.15047464326189,78.20242773041383,76.37294394772881,75.48448404768975,77.31989705098356,72.2418915807999,75.06968218257855,78.0150134576453,5,4,Not Ready Yet
31.180349857231576,4.065383422835006,24.54702387105273,30.129988826971697,44.545528645494684,47.91363728337989,13.300365979569195,22.474246244719797,9,10,Not Ready Yet
76.99983349093192,74.26372241392188,72.00999986900112,70.02747905213333,73.20551897900947,75.58587270485593,75.05690109964522,77.05315843563392,5,5,Moderately Ready
60.653583016999434,65.83445595646735,62.625148396100926,68.23906252255115,61.75656937726934,53.16652352602148,64.20155852355163,64.2389078581772,6,8,Needs Improvement
57.76816035519424,63.611629685271964,66.34861815122107,56.367186238600176,54.67632045293654,56.32986072044899,51.51878222621552,62.59178903492335,7,6,Needs Improvement
67.37651923204686,53.65706537693986,62.26601766702794,60.994758522701346,61.68921117480477,64.65230820814942,52.93940769779871,55.92393700932695,7,6,Needs Improvement
29.324016767939803,16.140186025241597,0.8478109255116217,2.6211741819000602,16.32690189502206,23.855075750061122,7.08764207186875,41.59021702427464,10,9,Not Ready Yet
19.776884905248295,16.330523272261786,41.80366611500513,1.7266994877237707,14.145445944374114,28.28084444868988,28.42648142553175,44.16298065770729,9,9,Not Ready Yet
3.394732676413442,7.578496300523435,26.1390291763029,47.00613942513384,11.75067986989744,37.7329782993782,48.615971713170794,16.907902464702246,10,10,Not Ready Yet
90.9022276196108,90.49358687048449,92.83637416209709,87.91980336525836,83.09968017758392,96.45691902778651,96.28728303421357,88.96996291861839,0,2,Highly Ready
75.80282721781505,75.01916120363792,70.47234791357907,77.58603862878374,72.02967882386028,70.38155348881769,71.97100813557766,72.09399085156392,4,4,Moderately Ready
64.60733538432382,63.06473405006943,51.34660316396091,64.77966015945009,59.86009075062898,63.05355732787668,63.54824541113449,60.90055946427068,6,6,Needs Improvement
91.65478370956555,80.14304747423255,94.0364842236977,91.63166431809171,87.36236460643241,97.97157940701197,83.28358358102761,84.25556661967275,0,2,Highly Ready
60.19583322846559,53.87753979136647,54.62854650300061,61.937133227385644,57.02074333670664,56.887045503874916,55.68615327080625,53.14501788994914,7,7,Needs Improvement
99.35469547680148,93.43692742464023,95.40033331598204,84.09180122387886,82.25386977816524,87.7490412897819,82.13459249478778,98.66167081508551,1,1,Highly Ready
63.13571399344626,66.9597387662429,65.72148526803159,57.496889787525205,51.978615981794455,62.270117403094325,61.20323868113545,66.91884771871655,7,6,Needs Improvement
84.32847109877872,83.61838293974967,86.67864027714025,89.99185427230523,94.39884206482347,94.39938550105077,89.15768667820535,87.81508782533004,1,3,Highly Ready
14.267123786733732,49.339059988790865,42.867951444471316,12.42592225882192,30.818515683435493,44.2206177861507,42.63406993120906,30.963837001483153,9,10,Not Ready Yet
87.62841831576053,91.36221825498467,83.18974392074833,81.07075681806351,84.30617282476605,83.8157089011282,88.46331324306823,97.52889281106307,0,2,Highly Ready
14.873496357516824,1.7496376851654394,6.0038258515485055,7.091904156925399,22.8463824578098,46.61228205537869,49.16415318867442,45.72830319578423,9,9,Not Ready Yet
5.62933835614296,36.240451497883654,22.76222887254945,44.322000287390125,34.74592885279834,13.656727697725158,1.1279473837005782,28.16153261055238,9,9,Not Ready Yet
76.10217339096089,70.26908303301371,74.47681092390707,77.47406094663825,73.71181827467089,78.75616406738327,75.19084617552663,70.39630339972295,4,5,Moderately Ready
54.64857536878391,55.81111988752657,63.082366070861546,68.33741295111066,54.385256664654115,63.41415360617492,65.58637069191839,68.92507418769061,6,8,Needs Improvement
35.14734673817739,39.598188635528416,35.77846618311724,37.126298266386435,14.325855435443962,4.420799984801215,18.3648576797014,41.03571007865487,9,10,Not Ready Yet
60.73380627201887,56.772802287589826,62.5076553243561,58.32602962204314,61.443812245369145,57.69797848474022,68.70323024879298,64.81163919913837,6,8,Needs Improvement
20.391288906458332,48.069320779931296,4.322277978864269,12.660015331496426,6.882074599267568,46.235953777532536,32.27320703363238,22.538437230029444,9,9,Not Ready Yet
66.47480776674192,62.25113057055256,61.77826586477234,60.723798747275424,65.97623563860573,53.86970345169128,65.37723987047721,53.511383411215064,6,8,Needs Improvement
20.948803380401067,5.593997981587023,25.069182196258282,2.0989211349073225,5.1907656995447695,0.2020248229493038,46.72526327909848,33.23184696670244,9,9,Not Ready Yet
56.858771377603595,66.0564381207856,57.71979826593483,67.86470519832737,60.416178478479786,65.74849619768854,54.94328560222946,57.320418443507506,7,8,Needs Improvement
92.87804535830827,83.11402363096911,93.87885673273121,95.06637859170603,94.32403773078265,97.86367070579439,99.38560925491319,95.99870415148152,3,1,Highly Ready
86.13111857203145,95.11601141186355,86.05715212601899,84.1848804864238,92.76497231373,99.03101143456911,83.82013142459178,80.32439992295167,2,0,Highly Ready
76.98461065534006,70.64202535601852,72.280905113171,78.5591139128102,73.79725774752998,73.21762860532303,73.62700728397903,76.28036663217878,5,5,Moderately Ready
15.1893304394647,30.96288874361321,45.977784498944686,31.760980045349584,29.666809380752916,33.95587112431729,48.85067307633088,24.999742328983487,10,9,Not Ready Yet
66.50114770502576,57.907594900969585,60.70231145513186,52.76412272161715,63.39464055425111,62.1641710389513,57.31898858460934,68.48452230041673,7,6,Needs Improvement
24.372419997695633,45.29377076284163,23.74358931636675,27.186747674662186,4.148234145860935,36.213931750740876,35.780424487329576,46.115544473381945,10,10,Not Ready Yet
68.71200444137328,51.61815869667906,56.5766444053297,64.9889478882605,66.38355948121534,54.89799637382411,58.3909276702193,51.18529111377022,6,8,Needs Improvement
81.38199217648396,83.62466550814807,85.49482296364472,91.30099913301737,96.02615355327434,90.7132584830675,94.4866184962861,85.06408610726312,0,3,Needs Improvement
77.68199555922088,70.35834844121769,75.41008312987343,73.8405844195714,76.18126622135316,78.71708292913712,70.691385856212,74.3393157301562,4,4,Needs Improvement
40.34013288239819,45.2704981627433,38.623133442073915,2.1937337898748464,9.13388998188922,17.00352052806526,34.15165677054592,42.276920934524775,9,10,Not Ready Yet
82.78410615503773,94.80712786000922,98.93344858366339,91.25541508550617,88.76194588782573,87.3335128716137,93.97842398732504,80.41075210398567,2,0,Highly Ready
13.945110304762093,27.864077948796655,21.112761671445725,3.258767011479641,13.138778834708415,47.43310163345274,17.882129354262915,20.066348652211413,9,9,Not Ready Yet
81.72755056178877,83.73581434259428,83.9303409227881,93.19723933883316,90.91837784250332,91.14736948356132,89.55759481591268,99.41730749458047,1,3,Highly Ready
84.64496585763204,82.9477446228777,82.6642964402798,94.02947804193344,80.2238724189786,81.1998797223264,95.76174184861264,82.25505166121768,2,0,Highly Ready
53.46711225622539,67.57316984523959,66.49054234211896,65.42205524328425,54.396006211285695,59.54567194438694,59.617218359218576,52.782846250411296,7,8,Needs Improvement
82.53911165264928,90.19735785505215,97.22370948799224,81.35988033975488,90.26769175974532,99.74723429569454,91.32314818571996,84.94135642453148,3,2,Highly Ready
73.65752318156554,76.77133854394286,70.38618015375746,72.88438821603125,73.55165954119703,71.73345124754982,76.53845725489423,73.36314010260244,5,4,Moderately Ready
78.54449115778661,74.58592556416018,73.65878647427536,77.84684074520224,75.71810008895073,72.17206543975182,74.6913264139641,74.47420135854105,4,5,Moderately Ready
91.2337334580485,94.08948747689284,95.54096030377802,95.45836145302655,80.7989709629895,85.5477886487942,85.61666957505153,93.0033372054713,2,2,Highly Ready
60.20591928646099,57.94968935574232,66.68086295657709,63.39213040927127,63.51449211003913,67.62217198520383,61.89368671766038,62.89815886426486,8,6,Moderately Ready
34.57120377185774,48.761332535151396,26.636955707146814,30.818332966925897,3.1467185361657046,31.456068630595365,46.70804339321374,43.73757589196673,9,10,Not Ready Yet
54.44279837811915,68.50213229294313,54.45323773371602,57.02997272698649,63.16980208015223,56.01339844428288,61.75968916437973,63.05432322520018,6,8,Not Ready Yet
76.19498961906983,71.70969445395417,76.17381693611578,76.41358933512109,74.97612873383076,71.84018037604001,74.16421389010355,74.68101411730603,4,5,Moderately Ready
77.1095052339211,77.4735033738341,71.64770050336017,75.82729601328222,74.47260119300326,72.21070432308817,74.35908986220787,72.43666444266107,5,5,Moderately Ready
70.64845220947878,71.11986350043583,73.38905818252289,74.9561508138091,73.53772868237945,70.5989176385131,77.30792066013142,72.29329775534758,5,5,Moderately Ready
58.568877500187014,55.78262168852891,68.66839748396524,62.306029063988774,59.81207271452912,52.94542517196109,58.86910013082567,56.636555643007206,6,6,Needs Improvement
96.02599576029033,81.09004289523283,96.94349424098134,85.5471204381379,90.9698139928613,85.36828579417201,95.67741276262561,98.51495619759308,3,1,Highly Ready
91.33134678898452,80.19712196460844,86.75211786878648,92.4872004567939,85.54347608747901,88.59605286131506,84.60976663536394,92.36623802835662,2,2,Highly Ready
74.98339224053234,72.85046014831335,71.97885074128644,77.25139277203081,77.42607434428817,71.82827088143975,75.54666970787171,78.59025986078055,4,5,Moderately Ready
12.309647666432804,20.32011010534073,12.101225353593604,30.480360301450844,44.594258879699964,45.88127665979475,13.973534147212991,0.15841805889112437,10,10,Not Ready Yet
11.609036512809473,42.36411045566094,20.426730704465886,22.206653446900678,7.519276715503775,44.40592057424617,42.529319083337825,37.53470904386141,9,10,Not Ready Yet
74.42367844231316,77.10628981796145,74.71541842133253,72.89872014661462,74.49128935909296,75.5407405085199,77.5439705772676,75.45898542440851,5,4,Moderately Ready
93.97857691098429,87.55328538542713,95.76139903128241,84.14261821179514,86.28423561949513,88.10204569610086,84.97531320377198,85.81357626593896,1,3,Highly Ready
46.76327651862394,12.203644829048683,34.87904558505675,22.612290350001178,40.00503198127422,19.44349392192681,17.259207501828882,19.04854663479854,10,10,Needs Improvement
21.868117248611796,17.411502535848626,13.456082108093332,45.579932256452395,12.992954432416987,7.9049099864593355,10.95683867247661,29.274729134518257,9,9,Highly Ready
38.03551205567277,4.498625065052709,45.79249589098754,4.618839031252992,34.76563973457516,2.5032536128130225,3.9627680649063968,46.60050468711008,10,9,Not Ready Yet
58.84608783582778,66.67815688615539,54.34836126956043,58.37035877711155,53.99931834168094,52.20202019939334,66.6925819639927,62.177003688653095,8,8,Needs Improvement
74.23223527132083,73.80937609862013,71.51133594755983,70.1546363105592,78.65207921533633,75.42370904544563,70.69342720960408,76.95552682067151,5,4,Moderately Ready
91.06877308500711,87.37861182141431,83.57847961078862,90.67314683379979,83.73613420809009,95.73816716801323,86.50955719581356,83.43589093779767,2,0,Highly Ready
83.34002525334722,89.38133778511128,96.93074228350685,84.83851132716065,92.1793821207106,87.34381699172623,95.66314910043434,89.248104281096,3,1,Highly Ready
83.2417380273545,92.12021511115337,80.84547073648483,99.65712597629802,82.71808505066832,85.74404991578649,90.57786104065747,89.79913036190352,3,3,Highly Ready
17.696774298841028,30.275858036231945,35.91779278130372,37.46716506972857,37.581563089575546,26.17352080973614,20.383914622253002,25.157627410414378,10,9,Needs Improvement
91.9959643475286,87.35002530246169,85.96884356670621,92.08791507842618,88.24826007821743,87.51888443522422,87.4724683201128,86.29090361106718,1,0,Highly Ready
75.74608307892925,71.32453150339025,77.78677460785113,77.11471871904139,76.74302780820881,75.84164187419299,72.71774924969112,72.20042601437001,4,4,Moderately Ready
19.961959297340005,35.64451391443785,18.578356088095692,10.234620967246332,6.52070545248688,47.98091800933564,12.268300335006948,7.276873624711805,9,10,Not Ready Yet
59.37160951174093,57.958023264757074,62.76177632583701,58.80088199232684,61.768256390773644,57.385938918439265,60.22610707528085,59.58794577963232,7,6,Needs Improvement
56.586151947049316,60.12091601630313,51.19901132477665,52.82344912459629,64.39807883500971,61.108621931470594,52.077965322466966,60.171120672944845,8,8,Needs Improvement
58.261416971778395,65.37320113951466,59.28523747805255,62.191908090396254,56.12868905531925,51.91649429814541,60.30595536933229,53.21936030614074,7,7,Needs Improvement
1.8077960857451003,38.96539380699014,36.433222051314004,28.31752877904018,3.364459052176966,48.40647285928205,46.64737910952902,18.89624943217339,10,10,Not Ready Yet
78.23495333468175,70.83870641553304,73.45500582070528,73.54959465549989,70.37702484724015,72.72619261673862,78.58203694370745,71.75044101301866,4,5,Moderately Ready
75.1136814601446,78.9138366449225,71.89554386589752,78.91923848983686,71.4705229604957,70.33714893005467,76.5451414238213,77.08310937579573,4,5,Moderately Ready
71.02813316672837,76.02475424957615,77.30520800571627,73.08463421874632,76.55129705976786,73.34904747199523,74.22033672482532,78.6087138006296,5,5,Needs Improvement
77.51822789347975,75.30801623821583,76.14341288440437,77.25570064294824,77.00466501019382,72.20766885605298,77.3343866929414,73.90486029796722,5,5,Moderately Ready
64.03698219242418,58.284763551675965,68.13780814893894,56.40616484306848,66.53626646576495,52.916942438730906,53.66349545113931,55.02525381148448,6,6,Needs Improvement
34.869086199331754,25.292182848972416,20.632251256154316,19.9925353449924,28.328643490080957,14.954226494256107,12.124709472971212,31.152907193144287,9,10,Highly Ready
96.30121669652577,83.08091885063394,89.46348279392103,80.61191027369884,98.75188043272199,82.36452807605377,84.7136463949859,97.58211687174418,3,3,Highly Ready
77.6450505488813,72.57820832125189,75.49515451670263,71.48404984194786,71.43272800283015,72.94428608820598,73.3916288143306,70.74590536881938,4,4,Moderately Ready
88.57085235307343,97.93162615482733,98.68748500497045,95.87178763867892,93.94767010926749,83.03775355098207,81.02715581686604,89.42416283154087,0,1,Highly Ready
63.217315035625624,67.52550425292279,63.59971887193999,62.98904817026817,52.575363417921494,53.97398814612504,56.575813024808106,52.79948357269883,8,6,Moderately Ready
96.4285956207739,83.84496298276524,83.39868782416822,87.81728324654563,99.86962251221539,82.15076942255054,91.86740313342638,92.30870169950273,0,2,Highly Ready
75.45550959312587,72.33983999801089,75.79117624450234,76.2994845407756,70.86508170863792,75.45835229019916,76.20128824974054,70.28830363259122,5,4,Moderately Ready
17.937596124300576,25.4437939473982,14.682663475531864,35.282871430604914,20.054701498884555,40.348293233848025,11.756254283434709,49.22993363705383,10,10,Not Ready Yet
71.33848826087349,71.39697170504316,70.71507813430378,75.28914786038007,71.05946325010896,70.9690704493525,74.04028172146519,71.34394139427637,4,5,Moderately Ready
61.42686549057493,63.93552864096121,58.83602702154108,53.20713306022971,62.597598418808346,67.96641714937637,60.93816425747311,61.578074361725356,8,6,Needs Improvement
18.21046663691511,19.539713930893164,17.25428218620097,2.445609134204502,42.05606760571434,40.18136905587537,19.477953458786935,40.62594044864808,10,10,Not Ready Yet
65.68406148168702,64.41506261676957,63.73292167188429,62.85128666211807,68.24517205714344,64.5272540017831,66.62640953509059,54.3113138983689,6,7,Needs Improvement
43.77604797049196,16.72781338846973,2.1012737915736155,7.017049282797938,25.639220552117315,24.76788236091383,13.893115485946423,10.112769425207519,9,10,Not Ready Yet
92.63075923334472,94.22730436071203,96.00417250616505,87.46047784942088,80.05474613675435,89.65596732073546,96.48648082752139,90.02153787042397,1,1,Highly Ready
66.43993351800604,64.39294425464914,55.9220286276612,58.03242345163639,60.51723289404332,61.628780357721055,67.67840810880095,54.539898245251756,8,6,Needs Improvement
27.356159050089595,26.939612625833643,37.78867887572809,2.225682990433897,16.630270338771822,20.36681495209048,31.352136643635387,39.59191406622472,10,10,Needs Improvement
28.594882499778727,46.154475702039726,41.740108501499016,11.144977230307212,13.23502521972451,44.575659801086296,42.60823616337421,40.83681338633333,10,10,Needs Improvement
55.125975211931724,54.992416882039265,65.7871283299215,55.30163943131002,51.040507448764096,51.859747627790824,52.36990282269598,65.45910862777698,8,8,Needs Improvement
43.4272963377078,36.63750469484542,38.33896243572967,39.39969178520296,38.44504304239339,33.165709693430244,24.831780042077746,29.00881216429716,10,9,Not Ready Yet
75.04679242917516,72.95728645917126,74.90556929189654,71.80231370127129,76.1657563661449,70.71709202199409,75.82158682652091,78.51920702545927,4,4,Needs Improvement
72.32373896629515,75.91711450838186,76.04629780585938,73.74018082362974,78.1535908865783,71.83683994831485,71.47516569683602,70.87843879227216,5,5,Not Ready Yet
83.11137242216188,82.42881772712325,98.74205634047512,99.07171059244146,81.31964546124114,95.40678885496058,95.1689578509873,85.4010221310174,1,0,Highly Ready
25.023153709620154,41.759565017945135,26.729594344383933,25.538979888743725,24.062093596159805,30.71830022271743,39.274850146199796,17.812953065708285,9,10,Not Ready Yet
71.70370145073339,78.50446646103623,76.52783718827402,78.19827940482585,75.58307773053183,78.72479903802117,76.89835533334178,78.92910680600178,4,4,Moderately Ready
65.673923048463,60.62656606357595,59.6164264070991,67.64485007250055,62.36826467756097,51.53620393666069,66.36311205481744,65.26797568516145,7,6,Needs Improvement
9.50718433449979,31.8744616521236,38.673169011754716,37.38671716204088,3.3450283021246086,49.65111231232109,11.337559981089518,32.851285835279604,10,10,Not Ready Yet
18.44354018535952,44.998526588814194,1.818974112313021,9.404026345804978,28.54696488209868,0.8560664905840121,33.22901201766731,18.626869711546906,10,10,Not Ready Yet
81.70450525493617,96.86044768929145,91.89296983488116,91.22824575992303,82.32987785233341,82.71540604135838,89.88690816664473,99.92271357053586,2,0,Needs Improvement
92.76160587624713,84.92075149894627,90.74163076611825,88.51281215152909,80.77877579013361,82.13148490412728,98.78097225728708,93.29647331894606,1,2,Highly Ready
16.997059751204024,20.601491623114892,3.7198625412320885,26.54811641714917,3.7555830546792732,15.419256589795793,14.991006779250082,1.136611784304592,10,10,Moderately Ready
77.8255439641835,78.38269284907422,75.42615769353445,77.66412902549732,73.26278945818817,70.85641538926774,72.37779866093389,73.00406640667323,4,4,Moderately Ready
70.70954977783317,70.44170834488149,72.80339670608345,76.84570970350411,76.79356568211136,78.21675888250226,70.71696827042247,76.4153249259325,5,5,Moderately Ready
95.04603861731103,80.81474860189739,98.3767662760562,88.40342314436546,93.15795024235048,85.38096379356001,81.04106934918339,81.37495101903602,0,0,Highly Ready
40.475028887811376,20.299434491233683,5.3445466847279075,7.940347340276032,46.9828585390711,44.75122608024892,12.37878839746448,16.703141543410645,9,9,Not Ready Yet
94.57497309269927,82.53322842260742,94.75723340470962,96.4435127174594,93.6489624544508,84.77173074925643,88.15820977170564,93.62822406336295,2,1,Highly Ready
2.9685830435615457,10.550375883749851,33.344114343986334,9.623589674020321,26.389057298267744,17.213393426019884,20.226029669389682,29.538506422766673,10,10,Not Ready Yet
78.006109268381,76.3621392606349,72.29499356325745,75.44730328380388,70.01307375580328,71.03149647749889,75.31663623243931,76.72107071635445,4,4,Moderately Ready
82.64897148476066,80.80412391287918,99.9628995731467,94.89760295250478,94.62504969122995,93.68136337320786,82.65924140292702,84.36271343775825,0,0,Moderately Ready
77.46973636944605,70.1238392943159,70.96258287930647,71.85700102168076,71.299453298173,76.51882789158576,77.07037733576594,77.81921027838298,5,5,Moderately Ready
34.01572640056334,22.17058862116923,10.077447018681552,31.75257859599422,10.339073236737784,17.658909480273977,43.49755371580161,42.905679325299396,9,10,Not Ready Yet
2.446671296697578,0.15286968398592893,23.17912547238361,3.0702299555365298,44.44683448735253,2.979615981997663,22.93738071779981,14.453645126461934,10,9,Moderately Ready
56.027905428313325,58.67074116947475,51.24781713275769,65.14251401817351,60.532662445122824,61.55672010913285,57.26117361677827,62.59650026289883,7,6,Needs Improvement
68.34314718120328,55.85351087814755,59.64630517341332,58.88632722412436,53.402761193429114,65.0581406371264,62.613966440753984,57.9224696899929,8,8,Needs Improvement
76.49118402106693,74.69825408826247,76.2091706461423,72.44630899100022,75.92464435583595,77.19515203529562,76.71762636775846,70.18269605611793,4,4,Moderately Ready
55.397295502120734,68.23822134757074,67.76468926673567,66.40530283037344,61.33944607065546,67.63975210144034,67.59289466808029,62.29534804036215,8,6,Needs Improvement
76.91643808936134,76.92717878509202,73.77753543936878,73.07166630039472,74.32917327240685,71.68634679150728,76.59357043919744,76.4879269069244,5,5,Needs Improvement
62.319246778154124,63.05705306794033,68.29177177569495,61.17388212794361,57.42397509313836,57.838587257961784,62.24314604351548,67.02462725645239,7,6,Needs Improvement
64.66067749515926,60.584747761500815,59.876709879162895,58.75481745030755,61.123834984718,63.41512733230613,52.85746348032997,67.12665552248004,6,7,Needs Improvement
88.24719749912332,99.91912107745043,81.45207928160059,93.6192150398753,99.51854535170914,88.82562350011334,82.71442491125049,94.76048949577417,1,2,Highly Ready
80.23395656320504,91.74999243157181,82.40554928650194,85.60821781203437,91.77252469804907,88.99673773245554,84.18168873987838,86.81628568821657,1,0,Highly Ready
95.8219909069424,90.73782172000672,92.58213981066223,95.21821472662836,80.88341109097189,93.7799339409294,90.82150282964673,93.14594041665292,0,3,Highly Ready
77.98721446079534,70.90084189771407,74.53330408964986,72.06396305056884,75.18107317014805,70.00083620730007,76.26741174713246,78.41189344385339,5,4,Moderately Ready
99.61409801650143,91.43408447822353,93.3459718935576,83.85089250982824,96.44628050281915,84.68439113162086,80.90408336109522,83.58783128795864,1,1,Highly Ready
70.55147643353754,74.04520311229398,75.56781591631946,70.28341810450618,76.53169460006185,76.51655703661943,73.29978171470891,76.80930450500173,5,5,Moderately Ready
77.50257701509005,71.43161983984389,73.40277528068874,71.54237635709957,70.31616555748333,71.57586167871919,77.58616939959008,73.78320988995372,4,4,Moderately Ready
73.73547555488317,73.91156613873925,76.29718785221425,71.4957026272659,76.42327311398354,76.42350076880288,77.95445773820785,74.77779222689347,5,5,Moderately Ready
75.34842633303724,75.94464961518081,71.94028827237013,74.04152715820057,71.54921513422235,77.53021026516295,74.00568210715487,72.84157181040986,4,4,Moderately Ready
73.37973515654372,74.81902961569887,78.34522812678831,77.87252268368469,71.0381276620136,76.2506585876719,78.1074784583161,72.06764041359001,4,5,Moderately Ready
35.62244874895076,40.83521743685683,2.64158491714091,8.989629722768576,43.78995419733242,39.9471447342735,12.024145539105408,2.5379085944652435,9,9,Needs Improvement
90.75132937633046,85.19316438751521,86.64151721431426,82.72359905065747,83.56620118677893,88.55441413678354,97.00490025250635,84.10600738819129,1,0,Highly Ready
70.64291708021686,76.48827853578844,74.92053651602129,76.63966999829752,72.89658171793887,71.48171171644367,72.48680143754756,77.62503282754967,4,4,Moderately Ready
95.50608510745795,93.81767079594839,97.25771573328934,94.46180046056918,81.67267595566759,83.29847868644573,94.84396082281651,92.7407839277149,0,0,Highly Ready
77.24835947069784,73.95081152061259,78.04864872881235,75.82792945462357,70.5152281976282,75.67761426222508,78.71779302838323,70.23257137442401,4,5,Moderately Ready
53.072836043718546,67.45666223073275,62.62092661274606,64.54552798910798,55.6944731836538,52.5307279067036,65.6297857512756,61.80626924355763,8,8,Needs Improvement
26.111108031218343,38.39935514204348,7.528862422602234,41.21785117806071,14.44885972940006,31.082748170312442,2.1229916491037724,18.97226291480451,9,10,Not Ready Yet
29.960582423527963,0.1397794716198386,13.064264836085126,12.280642009487647,17.267608134697344,17.074457216519324,18.07333704974473,25.794535232737402,9,10,Not Ready Yet
11.790088718001691,7.463652937747583,13.470464017868998,11.392237615088947,16.082020986663657,33.06619526781064,18.31053208936988,41.07891066753702,10,9,Not Ready Yet
81.06073445182024,84.15833029752818,88.20366928012706,97.12051236841214,91.16524747908468,92.3618220321949,95.73046445827798,80.33988725727296,1,1,Highly Ready
96.03987441167035,98.56277199423468,97.30502655978151,85.05630237384113,90.57151602570183,97.80409970220825,98.30469854612494,94.77012425735171,2,2,Highly Ready
74.26277594630439,77.92408589555396,72.24113801599272,71.74470584394628,76.46363259758559,71.6891560312725,75.82968306226651,73.59737841345515,4,4,Moderately Ready
88.00165289924661,93.55806086885201,94.51979222459661,90.43446951678699,92.90372158132422,93.3395793632495,86.14993190879244,85.95173450687422,0,1,Highly Ready
6.525518882370185,36.11247380272617,42.25198012900391,21.544452091259625,5.20464454203286,48.03868263151304,12.592496381017664,23.098264214934478,9,10,Not Ready Yet
58.01785533741188,57.38416948192232,64.5052734071461,64.63784412466745,66.59292217882279,51.76174550770673,58.25902530696885,55.12342304721649,8,7,Not Ready Yet
54.3651956266835,54.450097018971526,66.57842457596803,64.12643319680359,63.035958733580436,59.45697691135764,56.539130474637815,65.25768787440789,7,8,Needs Improvement
94.61560146644193,87.36743587873032,91.12180645725223,90.01939662080213,83.56909257626766,99.64599881700175,86.63102458797316,99.44952236626355,3,0,Highly Ready
63.36289420353966,52.03542172816596,66.3533769640682,55.29870788517235,67.49674633063675,54.76086915623526,64.77083576344606,57.39114231987238,8,7,Needs Improvement
53.19924756217718,64.11211827392741,65.52068984914936,65.5070638197598,52.621037287282554,63.803499600271834,59.18539039397095,59.396100334692974,6,8,Needs Improvement
83.97237766401415,91.86635406187455,92.61747191530212,83.95980305859165,84.33564515929028,88.09989014923994,86.46040335289294,84.5143520890491,3,0,Highly Ready
95.22707171810961,89.93332799649214,99.23401956669107,99.8284391148896,81.90615586365955,99.21479873369388,97.16756916153393,95.57826691158859,0,0,Not Ready Yet
70.23912335913903,77.29618466097551,75.27481254160935,73.01129633193983,73.7352041826258,74.94766391181322,77.53837080579079,74.71482770382568,4,4,Moderately Ready
31.841671728655175,24.86758279200164,36.46305772798105,41.1520462404943,29.803605422266177,48.01842858075262,45.39684221726317,45.833605901552026,9,10,Not Ready Yet
57.224266263922104,66.9459109682069,52.37253494264261,61.86644532737455,65.55324502451066,66.67514873644193,62.50719256619821,61.350507700167974,6,8,Needs Improvement
58.146038424506735,59.59224392602671,66.08517413195051,61.55802750965421,64.61738137859696,58.33102242279579,54.07081239423927,64.01317291586254,6,8,Needs Improvement
74.06162742134316,73.01672140538135,73.76442081250774,70.83002267253642,78.404000888231,76.25875373716758,77.71549551618506,72.64553544797354,5,4,Moderately Ready
65.00433197808698,57.07485261766371,59.8627595368077,58.118937907487535,58.8366824939339,65.23317442378125,51.83445125332554,63.48635393178266,6,8,Needs Improvement
77.6188327458629,78.44960695787837,78.49463160139655,77.87346181953195,70.49848710508874,77.96443599334836,73.25189890351376,73.58047282666605,4,4,Moderately Ready
22.78143766249694,16.0189106838067,37.25806482615078,4.997287300522135,8.775407734362272,10.930203741053829,44.87468128671251,17.789766956885185,10,9,Not Ready Yet
24.26930614798452,42.37158577340474,21.223677979056525,28.0685430929627,45.12089309938095,31.058933291904108,49.19599388707136,41.56957688323522,10,9,Not Ready Yet
97.92720996655981,80.0991803100424,90.55619761126442,88.94860025945951,83.88138373831053,85.96880513987328,89.5377376471212,93.34213583360975,1,3,Highly Ready
92.90271153663137,92.2901708966281,82.48274252614384,82.0494947831371,87.41125649981706,93.8221555492233,80.36108353818686,96.44513726942111,2,0,Highly Ready
54.27200464032075,51.28391916203312,68.91654339548903,68.85409376468056,61.49218392768388,53.980818727995384,64.61193684310695,63.710909473226764,8,8,Needs Improvement
28.63576293292271,18.79339995592087,39.025934657741786,14.820583473996141,27.634928614552805,30.233002736976232,30.015534440435097,36.487907423044966,10,9,Not Ready Yet
65.10355367206967,61.427032477511304,62.46198610316837,61.23770162811588,53.64477333386517,61.17611768732213,56.29933503555447,64.90139103686728,7,8,Needs Improvement
70.97519381094419,77.55267738568048,77.26369672547497,72.00725118555043,77.02475302868805,76.98641902001195,73.86887135086886,75.0752362388271,4,5,Highly Ready
83.10001632541325,92.8047894116814,89.14362993296857,88.35407316272595,97.83214986779099,92.83871910601695,83.4782924874539,84.31813706599202,1,1,Needs Improvement
61.84320181862623,57.512430933888346,55.391312317351954,68.10117627206262,53.49341511600215,67.14718373194903,64.626219796501,66.04748249603743,7,6,Needs Improvement
53.1204950337765,53.56421299457902,63.5125748678507,61.980126245429126,57.14411513908891,60.88653952242832,66.28149114633626,53.65036266529677,8,7,Not Ready Yet
72.39434690655378,77.05240763690713,73.44190499302908,73.40466498659892,73.6623245080797,70.65523743861283,77.46293224356836,70.1343978871118,5,5,Moderately Ready
93.71342135701877,82.91435119010374,83.80573225129135,90.5700926950119,91.43014033687896,99.60948227700979,95.00843556526094,85.03861082245527,1,2,Highly Ready
12.030039946590065,39.814178188571645,15.53713524705303,25.451562654935362,31.302064247054567,2.0281038636851765,1.4727051677293879,47.96112707415426,10,9,Not Ready Yet
97.04415507821717,88.68496292835361,87.81345962097332,97.70467570264432,81.25209927535705,81.1030180926299,96.67420550877608,95.26507919835856,1,0,Highly Ready
96.28627503095416,86.69681963675626,99.38985121597719,97.08899528167923,80.95832302351944,81.32444864141813,90.5562475407103,92.24135244612175,2,0,Highly Ready
52.31693040908175,64.27914628226362,51.977823631141064,58.34023883883489,54.18940573582182,62.33167024994298,54.52619127700576,61.48432386733313,7,8,Needs Improvement
2.514958653590221,18.418052874695796,31.87514404945084,13.50607537359666,44.78592369529187,22.032477499058444,29.941785440408047,19.536898345616567,9,10,Not Ready Yet
76.86669720535835,73.70481492610679,71.1702590314061,71.23473797813769,70.1751623675166,77.18800299486983,76.71276717522767,74.42884694430897,5,5,Moderately Ready
93.98560642190057,92.03596384328516,95.3822627332419,85.27091741900668,87.94557808884598,90.47962884226925,90.67072052699314,81.34316190634623,1,1,Not Ready Yet
70.8026816206811,71.19399103960201,78.38247959932536,73.22091042573952,78.37549940899936,71.82356714533769,78.24237445480472,73.61181069894448,5,4,Moderately Ready
42.47727431212025,44.95569687621217,8.213643609744569,5.082827835751541,30.14635859555856,0.023222111102022547,5.631001375195033,37.516883917860525,9,10,Not Ready Yet
74.9150150877306,78.78789797503268,73.38382997431887,71.71348478618475,74.0274041642921,78.02260489024881,74.90669914834614,72.76388424174031,4,4,Moderately Ready
66.55421086490597,56.29229711878922,51.77402262028615,65.71430375949511,58.76087539611051,56.125691234385364,51.952202202805395,59.131295559466075,8,7,Needs Improvement
90.68363638345639,98.55367901053626,98.10085586655215,94.8183291838969,89.9931661288852,90.26781576429579,98.30341058770543,81.50357127398453,1,0,Highly Ready
29.449653825254735,41.36613912224472,5.116898055473573,9.66926971863894,25.97122450567243,48.683919541488486,8.5809810357242,27.30625358974097,10,10,Not Ready Yet
77.79925179062042,72.08465917313545,77.40289711843609,72.18726453102967,71.03486918384347,74.6377028122168,74.8916057805254,78.96323558588307,5,4,Moderately Ready
64.50488208304031,68.27581291867895,51.41253628485553,65.14093834646603,61.59500865491309,63.945292707232404,58.71640559472192,63.253415589689446,6,7,Needs Improvement
20.132967032828937,46.90971914547101,11.797495894250465,20.25423441763124,38.99429321572395,7.327208615877123,39.6202005503557,18.254315392872698,9,10,Not Ready Yet
77.56612594081805,71.62404076021294,75.6625743519048,72.95101542074194,71.4329543469526,78.92935721233644,76.10872411624385,75.93599632601712,4,5,Moderately Ready
13.24543036704312,28.471589889504205,36.62448230119875,26.14187287215206,38.50451034943279,8.710736435932393,49.08510207035327,6.937204423320492,10,10,Needs Improvement
90.68519007750912,93.63723997302614,84.70438367574828,92.46873998775501,90.83715279233516,95.66698663632961,97.3615530157337,99.0617381272222,1,0,Highly Ready
68.12519975671916,63.452278831105396,55.13638320506844,66.15174998164983,58.79671570323533,63.94540092921266,63.90151906345275,55.513883450124425,7,8,Needs Improvement
75.45037869393444,77.61521979137378,75.48756974644847,74.98186781008276,70.59415540714143,70.75612714552949,73.12101434966007,75.63459262185717,5,4,Moderately Ready
46.182468227685355,11.764046138225515,27.198445201536014,22.37895853463418,23.880071638520338,26.9635050628734,48.60547917214287,9.338051835528717,10,10,Not Ready Yet
48.1761819176466,3.1740545181217494,31.390949213390122,48.66786914371176,24.744912836861584,26.6098653869596,19.223720037183455,7.495853996658236,10,10,Not Ready Yet
71.16538765192811,74.64505175643592,71.76538226340088,78.94772714933664,70.34361932512188,75.78975090227475,72.86428471754539,74.71948087219813,5,4,Moderately Ready
76.25951464790064,77.94718414745539,75.97213101426102,77.81008768262875,76.80010433457983,73.51138988456468,76.54919740241655,72.98689238109075,5,4,Moderately Ready
83.35839320415215,97.99533509340436,83.51814415728734,94.92945586780182,97.04963197924633,85.36644879746522,83.65112080190045,90.47169750827153,3,3,Highly Ready
77.43821579469025,75.50248677020873,71.67119999039703,72.21962315369801,78.56475868968577,76.1517302974636,76.65424470740913,77.62068804668837,5,4,Moderately Ready
78.11366100843206,75.15335023709258,70.92792350844796,73.64410952836121,72.34655564067113,76.16022332105611,78.24397414886151,71.67941612599314,5,5,Moderately Ready
73.50168878964419,78.71765194221581,71.54671469802307,78.51458263622312,71.99486914139247,76.25137910247173,73.08992540663233,75.47143815484004,5,4,Needs Improvement
78.45621494606384,70.95589561044724,76.39553758890162,73.3230828515607,70.23093343201768,75.81238746946073,74.6704149049941,78.60633080062651,5,4,Moderately Ready
64.91405832947683,56.17148550486204,55.71072617199809,51.13684190433377,56.519148046570265,62.21724528193175,66.79950119672478,67.08960836545813,8,6,Needs Improvement
89.68498172831757,80.9377967117947,90.4308518518544,94.09372230375038,91.63953918755323,85.3826756467598,80.75381086558255,96.77125638190265,1,3,Not Ready Yet
56.28569981579618,52.9354073694484,65.89678814932547,54.64134940452874,54.898725681906825,54.123173881992564,62.14883148632779,54.86041677531375,7,7,Needs Improvement
88.52500162233812,97.03118656833772,80.91584339977156,99.19600421499771,85.31508847366729,96.93210157002306,93.94251836303754,92.8662408593867,0,2,Highly Ready
87.07719015737247,89.13265949233359,92.3143752707857,98.95950302445792,82.44027401448471,91.83469601328984,89.45775427840435,81.20284655765768,1,3,Highly Ready
82.59551781937628,96.89404376063581,90.5356618103094,97.12906789287715,86.96632510456348,83.25579045566697,82.73699535953611,86.61786445340613,3,3,Highly Ready
90.12878871195207,95.84591191325933,88.99559341950936,88.84402979605467,85.97300348618518,83.35179718408273,89.85423724444234,86.7578104898644,2,2,Not Ready Yet
58.59536320985583,57.54677570118639,66.6022863664619,65.17694016417988,66.14837416295454,56.18458720445597,60.03656094014751,56.481750855178326,8,6,Needs Improvement
88.56214552899988,86.64589554449853,82.72250547000385,97.02026277873777,97.64979988923702,80.8574986690198,96.03242983025928,87.45007196652368,1,1,Highly Ready
92.85300998052533,96.51634885118665,99.82400265739504,82.31467095007183,86.51957390732841,86.34753824312129,84.16687846266771,86.47953187524226,3,0,Moderately Ready
73.8311454877251,76.64339601724849,76.13795444297287,72.55518531597676,72.55926673606112,74.67828110399192,75.5521771121592,73.47243081240282,5,4,Moderately Ready
49.52315238738549,11.104275816333415,22.45021793949185,31.866091411124035,22.05319133377104,47.47287530178881,32.15727970498779,7.485234270580154,9,9,Needs Improvement
68.72621951473856,63.66631755991847,67.54633985935911,56.18243875924285,68.09465681952572,52.25267791349365,54.93189549816344,65.64421040648021,8,8,Needs Improvement
83.80847436731139,81.2583117375218,84.00362187722016,82.8642521617806,96.82334089951931,80.14168569846629,86.0973889565569,81.85208172485001,3,0,Highly Ready
88.30736000275468,89.79075702431065,84.07914068066248,91.05491987812312,86.90014198783419,90.65026226119087,95.33870033497523,88.08050714711567,0,3,Highly Ready
78.09866473936133,74.32071621848905,72.88763975607652,76.72143936723221,73.2686865930138,75.6496107607385,74.35450016126782,73.41018643522854,4,5,Moderately Ready
74.59835350774237,76.97966232667798,76.02805807945961,74.08215953738775,78.09686312019156,74.98419788606316,76.56600630223937,73.53246008960805,4,5,Moderately Ready
83.51097987045675,89.14333472959441,84.30137041186111,88.85796618271047,94.34388707999936,84.34539853420779,91.28969679108204,91.65108859041635,1,0,Highly Ready
53.79344968780626,68.19347041997122,67.37354756196265,54.85377293331848,58.41492496332568,54.08146641549584,52.81458088152477,58.6878009616528,7,8,Needs Improvement
84.72544127004392,91.01317854879393,84.72909448991814,83.33127652482726,93.06639334018413,94.04940500321261,84.89042353471393,91.5521031403093,1,2,Highly Ready
53.19881788495077,64.04614913167742,59.334494019061836,64.38588017139669,59.87583212509445,53.90811039915944,58.07547242356218,55.448435462669806,6,8,Needs Improvement
55.57013246712804,65.59374233451034,64.9487572384336,62.00183112083998,64.0505359478043,54.248288408509595,59.042881018407144,65.84764277385912,8,7,Needs Improvement
83.4866113126489,81.39764952094697,81.10875045226659,84.92978701989658,98.02145191965934,89.37022026773477,90.54000137905233,89.95401825290391,0,1,Highly Ready
40.875012176810486,6.9137683434704496,47.561798452702256,47.29021449200092,25.947245673472878,6.533416416212756,1.403918792426867,33.761031461041036,9,9,Not Ready Yet
65.23054344259178,66.53360689414464,60.863630558490215,54.118793924732714,66.90068664253042,55.77560820950524,60.97578032911582,61.91843937780701,8,7,Needs Improvement
10.52928667266652,36.99905601219999,35.24764473680976,18.60964434867646,25.716727732630172,9.232810227869393,31.87135664186983,19.717288361602492,9,9,Not Ready Yet
78.80190862505832,72.12658605950253,73.49066004759567,70.73808892318647,75.15399322432779,77.14823813859128,72.8866072296003,74.14193294642624,5,4,Moderately Ready
75.13464511250598,78.35683610892544,70.84212317470882,77.0105034585516,75.78620502497775,71.50732065001864,78.34175618415998,78.47644786001679,5,4,Moderately Ready
89.55937479096416,93.07509405432,94.69844244590118,83.8570255125595,92.24160355675953,83.92665235871888,80.09824955113965,88.31168815377033,3,0,Highly Ready
74.49878717837008,75.47827484985241,71.03653123458218,73.58037554052284,75.69961618154038,76.58579886232381,71.04003634948441,71.41664095269675,5,5,Moderately Ready
6.981752460264956,5.758295806436725,38.56884529665897,33.67188538955025,5.79669479754179,19.129102827122914,5.225276622735886,45.66426395651213,9,9,Not Ready Yet
94.45998718484326,93.23435347416694,98.51061307328271,95.1990397926624,98.64804822931794,83.95902662358924,92.4594802777131,94.59361869306701,0,2,Highly Ready
73.03581865784241,74.82533612937243,75.94303496636107,74.09808926176756,77.89185263206284,77.30133297825743,76.98983880645733,70.9326661105952,5,4,Moderately Ready
80.45418870297625,91.16773213193441,87.89567405363148,90.49632759997415,98.43857978838021,97.19687685500713,91.5285910166686,86.53278544276712,1,1,Highly Ready
51.30806817948702,65.81828743700103,54.48577009596871,66.24371566326238,68.90220759375524,57.299555949779865,57.84892118806861,65.2375609516227,8,8,Needs Improvement
84.29236333305737,93.33901115788073,91.92405497211796,82.56406661558432,93.89121168605371,89.9311612283429,80.3417707646434,81.94336119724262,3,0,Highly Ready
73.8147590936461,73.2311446513776,72.93975046915378,73.30021547888457,72.76250642436109,78.31618040928991,71.90811349166243,70.24337937186819,4,4,Moderately Ready
89.63704912814278,81.07630795575079,82.46225705173948,92.28502305775193,89.58620998722415,91.15056805235999,85.55861548487975,83.32703673825664,0,3,Highly Ready
97.2392857955117,80.44760784690695,84.56402497440392,82.52965552508994,85.62797569201099,93.00188540595062,98.02240000770087,86.84780647150205,2,1,Highly Ready
94.20663444197987,85.70911586767181,84.99394879619,82.49389365566672,92.32274403619569,98.15961016790513,88.1108000809832,89.9277406281871,3,2,Highly Ready
15.412966394017042,3.2441192756921033,22.140613418118242,33.8534235128687,49.90197693855767,18.59848994204536,21.25850537549902,8.624125251833403,9,10,Not Ready Yet
6.842958121288639,40.5043904673679,23.08729381642672,0.13660122102507333,2.2061800788869714,2.9699239019888912,5.9254794557612565,39.18003049276136,9,9,Not Ready Yet
78.2032109694939,77.13276929194595,74.98459015837803,70.90339471432516,73.58774505917378,76.87099819994633,70.80982619077606,71.45686921338921,4,4,Moderately Ready
93.40388944242059,88.95522417238386,82.96264284741095,80.60964105552921,94.39585225406015,99.48402335386261,94.08607543420828,89.26910669869706,1,0,Highly Ready
12.325150167153431,23.097308245532677,11.459450174919994,3.985378879597523,2.3899193156499967,43.511458593504614,18.05605663730549,26.534706709492024,10,10,Not Ready Yet
58.21110836527982,53.05570543313895,54.53796458576785,51.313732968064855,58.831729689769936,57.280804198760165,66.46928168465348,63.174590352147845,7,7,Needs Improvement
24.808707099290206,10.22809487599744,28.062893079767626,16.688135340424175,49.98793664241238,40.182671275797524,38.8502412290743,30.348134563334227,9,10,Not Ready Yet
67.01345708284701,58.86255935443547,53.68044399783612,57.35820725957043,52.15334190013324,55.329861022177894,53.4879963889017,66.367493186519,6,6,Needs Improvement
88.29608044409208,82.00334344962258,99.30161898290095,92.53675290782961,80.4986676208818,81.35622483418932,82.32959062614702,88.93862762876068,3,3,Needs Improvement
80.39295714333991,93.10206387381169,91.71129200398207,90.87755974654446,98.8295320498995,81.35889408298543,94.29805525584828,95.145744636645,2,0,Moderately Ready
68.95473003938139,52.1840188331901,65.12023846133181,51.76134466081403,61.99005124687616,60.03304857523859,65.54097491959946,56.35731951623047,8,7,Needs Improvement
26.459395881629693,24.641221254647373,11.184036228070749,3.255932479599033,23.16238790389789,21.950867282284687,6.013896619403846,20.728813254170582,10,9,Not Ready Yet
7.421993172274371,24.247771235799426,47.627318296247786,24.251069679816016,28.550895030116337,12.412090313918467,41.54582290880211,38.109755263596604,10,9,Highly Ready
78.70336783407996,76.02758351950925,75.35609207005764,75.24577544716122,78.20772669483308,78.96103512119439,74.01461181985677,70.13194430323661,5,4,Moderately Ready
47.78771983844127,6.978329280878209,10.717112372543092,2.5490397645425933,23.037089712848406,45.20382305255172,42.21254407298869,5.284559387349641,10,9,Not Ready Yet
75.93337464516509,75.67742168329094,75.94396116323718,72.3354233343579,77.64657429142297,78.1174274342404,74.9117290041851,78.75915545368696,4,4,Moderately Ready
64.51666209901698,61.28812437678273,61.718530946077564,66.92911751475128,65.04070967826868,59.07444475751358,53.638906077698195,53.01522062348585,7,6,Needs Improvement
51.54964414742395,65.76627394054242,52.270969029286114,60.839126934896136,58.18202982913661,55.68064306284527,60.63187106317528,53.8928938183262,6,7,Not Ready Yet
64.27402025973679,55.19648076802177,68.69140802268956,68.50534480156946,57.72838708667473,67.78512548064897,60.703795575397834,52.11086070994783,6,7,Needs Improvement
86.40396289129187,93.33168060983674,96.57621277013311,83.59659937651735,83.77828678194432,91.2685819097054,85.99111342365748,88.06459011010881,0,1,Highly Ready
29.52149706721906,39.57316434582674,29.9950855487631,21.17372585821483,45.190581122296564,7.521850788354523,36.310272198973806,19.605226657761627,10,9,Not Ready Yet
57.38354241943412,63.84087598415056,55.65572595808645,65.22847537392278,65.22209875626523,58.62341028470452,57.38298079139511,51.79238147212862,8,8,Needs Improvement
72.55705718746582,78.04386529532313,76.21837400629299,75.02368858469409,72.99976222593924,73.39648156751977,70.96307998904047,78.37909150974568,5,4,Moderately Ready
66.9258144563842,67.67208772591789,63.6361985617412,56.09471974545389,61.97684643248962,57.9071521747289,55.47578860049239,55.76696468025459,8,7,Needs Improvement
90.23401235228683,83.03378791581987,88.87892857367028,83.05898510826128,86.76035822960878,87.71870421504076,83.19614484626446,98.6683519714432,1,3,Highly Ready
53.2510385513766,60.04559124572502,61.32966622175852,65.2081947476862,54.99604648937678,60.6231973707851,60.588661957833025,60.03255815880848,8,6,Needs Improvement
12.926579041476739,23.976180013767884,49.52975995373839,37.64476385981191,22.25871592832448,28.787512357588803,21.245721735825697,31.161953074120213,9,9,Not Ready Yet
68.97679430942634,53.03303163168552,67.12907509222921,68.89597853307333,55.469132784302886,62.90126043259232,68.76844403739587,62.52174610396877,6,6,Needs Improvement
10.667189760174745,35.985722544652404,44.72212344423846,17.086450825102762,49.05063109421185,2.1895430677945305,12.725626424408537,27.814688723923105,9,10,Not Ready Yet
63.60597132440474,67.38017564252257,57.485691356031026,68.21066870548948,64.50857626972785,59.92065531465114,55.71928924502617,62.09303311819215,7,7,Needs Improvement
93.94029100077631,85.47200188461765,95.7539593528538,88.32781738073598,96.90255881297284,89.40092425876938,94.80671129885906,97.93151407115967,0,1,Highly Ready
61.3182224151056,60.839180941498014,51.752956225281046,60.7387527765011,67.33595601566691,51.051328074882754,58.21268326275834,65.99990288854207,6,6,Needs Improvement
55.87566139881753,60.305488700123405,68.91497532935853,65.17098358330529,66.11522336211848,62.20585529003101,67.54410102293903,62.27862176878431,7,8,Needs Improvement
26.92018770329902,40.23831744310933,12.448789067149434,48.7627907029426,19.791378340303634,30.92725483683948,22.0173315374612,46.515489558399906,10,10,Not Ready Yet
91.76704380828423,99.57792376183804,96.07158581315079,80.98601059774249,82.48233640398041,82.69535373484814,91.98216269605206,83.61162842193067,3,2,Highly Ready
73.43340918423522,76.25290003717241,73.1613493861295,70.63345290921872,70.70745692999914,76.1448944997324,70.55680407616215,77.49271618846103,5,4,Moderately Ready
20.539479693719827,35.46783128664586,6.288151852789636,25.733389176155942,12.995267036428244,18.619418740083965,2.790568165102197,24.275406452893588,9,9,Not Ready Yet
56.37684075196349,68.4829455498349,55.503919536029514,51.8452495282867,67.56915204803676,68.97552019917075,63.28335144797944,55.93149055644354,8,8,Needs Improvement
20.523015055806315,16.343724276564238,21.790199451942293,8.09146389899964,41.009568717518064,46.56964514804709,15.737380245175464,43.258918957482095,10,10,Not Ready Yet
51.525315674258636,59.11118309263365,68.15384396577913,64.82409699068054,68.36564110199502,54.46117532299959,60.11559352647337,61.95499295383725,7,6,Needs Improvement
73.32576699795422,77.19036966293997,77.88297081315028,77.04951196295958,77.68859402613192,71.65892822246121,73.76860574654167,76.30538578780528,4,4,Moderately Ready
30.18252313444024,17.35117406729687,46.26761453364009,0.45780490889867353,46.59577074470652,21.274782031872917,42.77877442044692,5.920714205096628,9,10,Not Ready Yet
73.8536378493831,77.93218787986997,76.24554666809587,74.26553585973043,73.61112485981754,76.87428017589485,75.51945816431933,73.51129162497625,4,4,Needs Improvement
78.8514453910234,70.83070141339736,78.19647032582543,77.66608156658891,77.33756959891996,72.2608094051531,77.17193753014226,75.75476087252947,4,4,Moderately Ready
91.77619852368092,99.63957047404065,89.62400715216503,89.89068433517768,91.1765873622674,83.91767619172019,81.58264281941788,91.55679145388669,2,3,Highly Ready
88.92230736239404,99.88432045553301,88.17097362764602,85.26244444440928,83.28219885209114,96.23977980390015,81.52279379178208,94.60893722041067,1,0,Needs Improvement
72.05926809920923,76.83749935001494,74.3084962671947,72.05178350858952,73.11147307804158,75.29867981795569,73.47282504884589,76.7730308233992,4,5,Moderately Ready
54.038465295977325,68.70121925149178,68.06378399769224,54.14691169243852,53.30250063703437,63.09148427870018,63.50489022971104,55.186093099879685,7,7,Not Ready Yet
68.63906867131908,55.83038552737745,51.5658395749686,68.00230949913167,55.58036425336491,62.750782553953606,56.13372507497465,59.41003301809509,8,6,Needs Improvement
70.69033408911997,71.25949333235755,71.74194181254114,78.41189286422973,78.86252937486056,72.5691936532241,74.83540216485403,76.88814990690582,5,4,Moderately Ready
38.67768250336646,38.20786372061071,12.144810208863783,14.673491435149643,32.0757831180536,37.11307464776845,24.46426047746876,1.5352547882602152,10,9,Not Ready Yet
87.07260380897176,80.25231177435141,90.85803971600208,96.02392239075823,81.34543100099869,95.68076333210243,99.24632389052778,96.53403133775332,2,2,Highly Ready
75.47992709241039,77.13543551273456,72.06589963231234,76.47267947277328,74.52737186452516,71.30343712419933,75.61716063353529,72.06493531152023,4,5,Moderately Ready
98.41665087092262,94.0000933092593,92.6873838514546,82.0767392985079,81.38247157859138,97.45173922126577,88.81083182605663,90.1031296382257,0,3,Highly Ready
55.573846880935726,67.5022158180212,68.1992071007964,55.70974971885961,58.694954581281316,65.8653332410102,54.78478827141289,60.631443886623885,7,8,Moderately Ready
92.39082160851996,89.00672908195507,95.68556436188088,82.14306265347743,92.83573965523249,93.01821898753222,98.20696604258612,94.52053944312306,2,1,Highly Ready
89.1298665047206,90.04678450710958,93.22140950790893,97.48266928477088,94.70682284027286,96.0781023833303,91.35797077108617,88.51169913830935,1,0,Highly Ready
59.66233544363047,63.65539627068645,66.07518792620408,52.88377430242549,66.11542213029753,63.258427325453944,55.56827608334392,55.18592150997911,6,8,Moderately Ready
8.75147740088389,6.610058585017381,10.186754476890542,27.837353068849996,11.319207993296121,22.476523057644826,26.073172776202046,11.913358259205953,9,9,Not Ready Yet
90.99411256610888,80.60167124746698,98.39901235951653,83.14232721085868,97.63127052285988,84.20180514207563,83.44804950312988,97.33868144671379,0,1,Not Ready Yet
70.40303890664822,71.05275677989516,71.66602846287321,71.58156232536341,70.01901337613536,70.5672768594696,74.69819401557339,74.15178217668634,5,4,Moderately Ready
96.82550126781749,91.93733001820341,97.35671394439167,98.39100745350692,93.53470690263009,94.2973191121569,82.4340541677481,90.95482052618435,2,1,Not Ready Yet
52.6729285359215,52.11081284665201,64.04110692615936,67.15933923389454,56.20853393311807,56.74784458948494,55.391435262119465,67.98129622288751,8,8,Needs Improvement
85.52727169113459,95.66076751814413,95.32868725899078,91.00662926458038,82.76505398675612,86.29723672707826,88.17336080467024,99.64883991907561,2,0,Highly Ready
94.66670494870762,99.89170283331002,89.14088127543047,95.03193652693595,98.31998589372328,80.07016619593773,96.34739470714038,85.57895406238114,2,3,Highly Ready
16.570372141728235,45.1469692174463,2.3038601264028458,21.642541875110606,44.84433929191602,19.496702560067845,13.433627446006064,3.691287343592159,10,10,Not Ready Yet
63.761257824490464,63.67343381891416,67.05256417301383,67.96673063968359,68.76206811576684,51.02854162856736,59.04637700132854,56.83075816787994,7,8,Needs Improvement
59.44980799224405,60.41026943231493,51.27079909005103,64.91410042427898,64.68375816571454,58.73813712264916,60.86822572083352,56.29561971106603,6,7,Needs Improvement
30.34666234966864,39.24558200516798,26.397724164307057,26.996780720892932,27.901503278099295,26.001950687805596,31.7639535537931,5.9156639398926565,10,9,Not Ready Yet
65.45131350043799,58.717577690265934,57.53438425185991,66.1900731876166,61.24829450384134,67.14225930561857,51.420725364072936,61.70462875262987,6,6,Needs Improvement
97.62359048449132,95.28001025144027,87.17013380744339,96.98540254881863,92.62119479804883,91.54624455557284,96.6207402754846,83.73543938698477,0,2,Highly Ready
80.11688720599598,98.87216210073217,97.94644692117566,87.3708754680342,82.78400420259612,81.4567932164617,89.21971028465136,86.71228803850661,2,0,Highly Ready
14.539366478497662,4.510616761060132,37.39766073896354,24.41388752192179,19.25482846875607,9.243911051771919,3.7314143391594223,27.090533328419276,9,10,Not Ready Yet
91.8444124464412,98.79930766489666,88.71484909449087,83.54052307646256,82.81826549815514,98.86050261222242,86.68534852746528,91.75269753850223,3,0,Highly Ready
57.59594427641644,67.49246095399579,52.89424424484025,60.96393795489524,63.258274594587625,57.711271381005034,66.00190157465748,51.81668574915296,7,8,Needs Improvement
75.20180073584484,71.13695680797902,77.8267915420571,74.47250466402278,70.00054782176584,75.17070353152272,78.44287244684142,70.44802935846391,5,4,Moderately Ready
68.11150459163741,59.268446826116644,54.80289814540039,53.448223732501496,66.25712972552553,59.4600486595469,54.197255842803244,53.933190007148404,8,8,Needs Improvement
66.93861867618452,56.039974004708405,52.051393759260094,59.738546649836536,62.735093720374685,67.42345223354465,60.30078280933073,53.89651975333133,7,8,Needs Improvement
6.812486050160898,20.984264862719172,19.47430370062497,46.69801948303168,46.20979910017259,39.742065136294435,18.657081203999738,24.073516229506986,9,10,Not Ready Yet
91.48721894201658,99.49449136868502,92.20836820870642,96.87681011316505,97.71817159760927,82.18414604381545,96.32563228263515,81.72347296997657,1,3,Highly Ready
80.87239187119427,87.25454631856275,98.94008544339843,97.2438928177871,88.81177828509213,96.41631015680908,82.72328558558368,80.87700292957247,3,0,Highly Ready
34.024271374458756,0.23017486817430433,24.193345105806618,45.30254777545521,41.49885512440438,32.682290332996736,43.8628280550912,28.700124764892305,10,10,Not Ready Yet
62.62547508280937,65.35407765369688,60.39425354026149,58.43767850604478,60.995992528762805,54.84009381811083,66.43433878882416,57.20304797863283,8,7,Needs Improvement
58.44155285547661,64.18864422727849,68.26805099278162,65.27456761134495,60.26406722264378,53.54251219029185,59.534428623611646,65.48592267629044,8,6,Highly Ready
76.9610152888038,70.31969505787158,72.99061128801581,71.38356161986407,76.9721487690011,75.9758905134869,73.62953521308312,76.16142129636245,4,5,Not Ready Yet
66.86967571158772,65.2320217423938,57.47897490770598,55.60860445672514,64.75093592601688,65.8294149365665,57.073111948999966,67.53113237563454,7,8,Needs Improvement
85.46016990825737,90.91340041688409,80.77835585852444,88.58533851024578,83.8751227540204,90.95907378480277,99.79452874030885,99.92911744883223,2,1,Highly Ready
65.40363477245961,57.88725144103521,68.66515071958516,67.3395681332886,68.4428493775172,56.36247509200915,67.47008100511279,60.72345816235089,7,7,Moderately Ready
88.88667001232683,85.5340043760371,81.00241905353569,87.20212168231393,92.3974925779646,87.04878435731852,87.2844415844859,87.94131788007256,1,1,Highly Ready
90.81684305323918,86.66612996195455,95.313195485555,82.14280263222831,89.86769015028239,93.99674345694085,94.61239740663116,93.32164823861612,0,1,Highly Ready
89.2539943425222,90.15020771941599,87.7580046794943,92.02054038439397,93.73356133983978,82.84648423322051,96.10882614477455,94.08319204187832,3,3,Moderately Ready
83.54295196655245,92.67691806313292,88.1224581177662,92.41965016289785,98.3875450840306,86.30254087113926,98.39834242048376,85.36098505536208,0,1,Highly Ready
93.33722802031534,83.64481768574377,98.02233834769532,95.69867145924066,98.00195612995182,87.14688790916247,99.23957855396286,80.211513513015,3,0,Highly Ready
86.74521196106058,97.25647326103959,98.61002805577111,98.13011197425541,86.94049044946021,95.9589525542671,93.7277076671114,91.76401097470963,3,2,Highly Ready
80.87651773629511,96.69507063810717,81.9978612311162,88.85884489181406,83.82525665231418,82.58270270581478,91.8992091045893,80.990349640064,2,2,Highly Ready
95.01992223102354,81.31525710942515,80.19445493557559,87.85340834972942,99.14785246216333,92.4408139610636,99.39669449687935,95.45722703954097,0,1,Not Ready Yet
86.96419613451607,98.75375360718857,97.56573754765287,88.56816486203776,90.12964570694784,93.97459387366533,95.20634163680842,81.28818930268416,2,0,Highly Ready
77.92450114740701,75.54939515908929,71.56836177139431,74.90899022841876,73.11497356623178,76.75038484627514,78.18372308734207,76.17422216462896,5,4,Needs Improvement
81.41323358316089,81.18649757021026,99.27508212430666,91.38788967439089,91.55218064979437,92.882506403211,87.95566924977197,88.56946333392032,0,0,Highly Ready
23.875032463210793,2.2044415691099717,34.77259237149306,12.08179555688646,23.94909914618501,13.352794086332686,34.0109039564827,35.83282228177914,9,9,Not Ready Yet
63.58000699681969,68.75790815613743,66.5139844123312,51.36920151151734,58.06734911228699,59.25257287014712,64.65773009706432,66.23720376811295,7,7,Needs Improvement
92.65766208588165,96.56884536311838,81.45757071572993,84.25033136984231,87.58965884344333,85.10207744389889,97.97687893974229,83.67289785830215,0,3,Highly Ready
52.10066949799101,54.361862897178874,68.04644915691226,63.644216105519014,53.690129339240734,65.20698285090776,56.53887484936818,66.40820638622702,6,6,Needs Improvement
92.86302073225829,97.84694037165565,96.77860523414118,80.92789699974202,84.88570585930624,92.74413448040268,99.18150462821333,91.11571727894612,3,2,Highly Ready
77.97758603934702,71.04983431693522,73.45623481670945,73.99664627745372,77.15120476651735,75.54639672001947,70.0584570209258,78.06746242273633,5,5,Moderately Ready
68.92840494309597,61.01670390530809,68.67638806830755,59.12065699561683,66.42977757886563,66.49266755096036,52.57908312289308,61.68154358316242,8,7,Needs Improvement
51.83567175386111,68.158522614665,55.32484899121109,63.07865637893917,66.88149585742696,65.35211111718777,66.92539725077053,53.546375440331666,7,7,Needs Improvement
74.15749370939828,74.17030567682798,70.22197698246038,75.36253962021128,70.00987635676546,74.00425898306675,70.81750698544367,73.09827024919304,4,4,Moderately Ready
88.62898166483998,99.14870428565867,81.97949314818307,95.90523386120714,94.51114306751687,83.41833577566224,87.05143286390667,98.20771538085236,0,3,Highly Ready
91.31086783028593,88.67469699776412,95.45605109811791,90.06265780874051,84.22871999972024,87.4285676080459,91.0047615394892,81.63106064950377,2,3,Highly Ready
34.53659530512853,19.085987491910515,25.838201509586373,35.44148618368205,37.520622831737725,38.656330235179276,45.858392579977654,23.93751052579954,9,9,Not Ready Yet
7.7286602960975115,45.430743538545244,23.979593403344857,8.618912400195677,25.453225998621793,16.584942102970523,44.10339493713965,43.31163207196461,9,9,Not Ready Yet
74.29094857322143,70.01097238425739,71.59869035304187,71.92376295876039,72.65090988449671,71.14714744409508,78.33959111234653,78.81444110764374,4,4,Moderately Ready
85.54848615508446,89.74549382737324,85.57522247058655,84.22845031785104,82.63358189531486,94.98612148467515,90.49801256474444,82.19412476808414,3,2,Highly Ready
76.05813633008896,76.62147361521218,76.61307772336463,71.1482260549444,75.70639479809044,78.80807976764716,72.49298399265066,76.4295470808663,4,4,Moderately Ready
73.95016019405605,73.23257730643734,78.37330864477701,76.25907339813034,70.92911876137028,73.35637639806174,71.74566967318103,78.08660032593917,4,4,Moderately Ready
2.3517416444264305,12.673282770765153,9.852072597625044,34.1090965957795,41.243922731817186,17.22171743037079,39.652359707232854,11.540456091948863,10,10,Not Ready Yet
45.15466823598825,4.797690216863614,26.86345362076348,6.600958394968931,3.5518831326764033,1.1458879902069563,8.094956349830456,29.910747740290628,10,9,Not Ready Yet
43.25945623521449,2.0438316690178926,47.244512721568846,29.102015029294108,47.78933246839267,10.908488228668134,47.205620179011746,1.4585816352332526,9,10,Not Ready Yet
87.83764111432468,83.01671528331772,81.62319731734074,97.37268734023334,98.7777196047478,88.3959912489128,80.27984209374893,81.11754169566818,3,2,Highly Ready
45.37055879580089,23.025228811072818,37.65714611001795,44.5462368579877,19.158235651950488,35.021310446411825,46.49307770765262,4.205633539828635,10,10,Not Ready Yet
61.46184338007059,65.0184525976718,65.09800631243917,56.409055708411984,51.65119937015738,68.375621764114,58.04729242350562,54.534249144251945,7,8,Needs Improvement
75.10797594302512,73.09410914835948,72.7207078101114,75.44066568011313,71.50547345789178,71.70795466874004,77.61858424932129,73.46806307295118,5,4,Moderately Ready
82.93716106649137,84.32884287623025,88.21871320388684,82.7489086865835,96.57497297806202,86.87045334888076,93.09092053097565,93.90852679618618,2,1,Highly Ready
97.00300716060968,92.72464437578385,99.09919560541076,90.67601885422351,89.85984622674339,99.72657361538984,99.00742019522836,92.35398502619357,3,1,Highly Ready
78.16695884157677,76.4009420183429,75.92213502084513,75.13804265219186,73.42239632735422,71.98542825735449,75.03735055811345,77.24498150613007,4,5,Moderately Ready
44.44817131967593,33.335522211195226,18.23352520601032,11.792510831696108,12.27612877664791,47.46175974693405,47.4681924340265,1.7367243054944304,9,9,Highly Ready
87.31688690905861,93.36922221317917,89.99016499603805,80.55978840200038,99.60275690537213,85.34152364280745,97.27134204907782,95.56724037643734,3,2,Highly Ready
22.676570490515463,29.34132580165056,44.74572454413474,39.874381568418585,13.412558183724316,38.60443418575131,45.074389098654166,31.786391636544298,9,10,Not Ready Yet
75.07885902561019,78.92015384670509,72.43769061965679,73.47993304119065,76.55320106708874,76.99228672329417,73.44076990828273,77.26203953901111,5,4,Moderately Ready
54.18749754263934,56.13991275920647,51.39826814561155,63.55934445819748,51.142548086556474,56.97672757994588,66.09789208220867,62.12985687335708,7,8,Needs Improvement
83.70729547149209,87.98201912581094,82.85190751002676,95.73054759799709,87.42431410785267,87.62573695139213,86.04174104992144,88.93368574704586,0,1,Highly Ready
99.61674813571332,82.73417729729374,87.35885452880258,94.3480893356355,99.74598260501972,85.31390177929292,87.69611926712689,98.66250363195505,2,0,Highly Ready
61.50338180003643,55.46062272986392,67.15069120253203,67.93725546805717,65.6984042979344,56.4179536847884,56.70122796260085,56.5610328304979,8,6,Needs Improvement
11.000535882184458,38.5159944958604,11.300273650977694,48.052527721025186,34.033480995769395,0.9035986028565701,26.707895340627648,34.31292203473696,9,10,Not Ready Yet
67.77458146337011,52.429214854765576,64.13801035196849,59.039414462915104,67.49070434857589,61.02566496324035,56.730041629191724,54.76407471693654,8,7,Highly Ready
78.15259203724096,77.17759430517175,72.33785429897557,77.59727379770939,75.85438163587929,76.1084134912677,70.43748486050858,74.47498076964885,4,4,Moderately Ready
43.7656040273502,41.01778944864418,11.128219926706434,22.235478633194823,22.648317416033475,28.865235831579078,20.01525002791307,16.195690038329968,9,9,Not Ready Yet
13.932867315048997,3.0972702971493793,41.37074651071479,46.2500187617511,31.464988999167815,17.85549589071091,7.625032519426717,21.966419343810163,9,9,Not Ready Yet
60.344591929384585,68.71350333706546,51.65459780734562,67.57394753944646,59.709208826825225,63.28353186851192,64.1307880454095,52.18282645616977,6,7,Needs Improvement
47.26815193700327,5.995754683547699,1.3234878347126056,15.056195939596428,48.38297760995636,34.61498573115491,6.1708948646632455,45.92365183592464,10,9,Not Ready Yet
9.92297422946361,9.905780247629975,31.12171863982946,17.55322132601861,7.7087348394458965,38.77827241672777,8.800512889953021,36.042292053546376,9,10,Highly Ready
76.47222844780802,78.69724187655994,73.17024001810866,78.03926182343261,75.9334649454502,71.91887787122951,72.11168157559058,71.5207836207523,5,4,Moderately Ready
75.43050770067657,71.5687569976808,72.58596474135157,77.67577687846968,76.2207090127575,77.45474967397465,77.0354106983868,71.99853571531719,5,4,Moderately Ready
73.84139330524182,74.56548313908333,78.74793585622926,74.22588188628751,70.82474231844084,70.44059437484327,78.78510855236674,70.41005507560861,4,5,Moderately Ready
6.039658473615061,25.28331943114317,7.9197462013978095,42.677007317507005,19.05664914793312,4.9335144512949345,24.569609807685495,7.798545955280112,9,10,Not Ready Yet
75.02448241487099,75.04198597139924,78.65717836205636,76.35478281085763,78.67291747578436,74.43695619699348,77.14380238634594,75.67240177029875,5,5,Moderately Ready
16.215592415115314,37.68758262047753,6.551206538509058,10.491009421526654,48.493228466873035,10.834547125604853,34.5425836676626,7.63831330151647,9,9,Not Ready Yet
85.84073845353072,99.94276555686722,86.92212232354478,99.80779061769738,97.16128673263889,91.321470462424,94.34709814424616,93.30008104306644,1,1,Highly Ready
57.786484906783166,65.77895194285885,62.122783764244986,68.87504544910497,54.79914366221898,62.809614888485974,67.20392718175802,55.36037705090709,8,8,Needs Improvement
12.232104713719,42.75417948058035,5.737018410702288,2.7710934249892905,19.840987281379924,39.649139900422206,13.788985499941326,41.383657692490054,9,10,Not Ready Yet
61.060029112517846,56.488028674565726,53.19644388375894,61.11032312982723,53.67294869008613,66.99261541575078,52.29126775231605,64.94583039683552,6,7,Needs Improvement
85.73647568583044,87.98592943388799,91.41821143450915,94.40190247796872,93.1370194800757,87.7223263775196,86.2766193941977,85.53697702150853,3,0,Highly Ready
61.2361854859366,65.38707896424113,67.86210281604355,62.87438822695069,57.62917387155148,58.70614313775578,63.96683790399154,52.29637586619613,8,8,Needs Improvement
55.88914534676317,61.25235798061053,63.0694548312115,61.37217558157546,57.767554601011064,68.72578666960716,61.63682305647976,59.1154670853033,7,7,Needs Improvement
77.23085308823549,77.30083126003885,70.16344142915747,71.51854547047147,78.7875496106197,75.9999717483981,70.64008582088906,77.8018949618061,5,4,Moderately Ready
70.80824849268079,72.76732898995,78.46720688653043,75.14416261906071,76.76707988566214,73.86996820683355,78.51971424060119,73.63180303696406,5,5,Moderately Ready
90.46439684548474,84.3123887589862,83.29947373663819,89.81098993021196,89.67745456566277,81.59805846182851,92.03884243742972,95.40982472678635,1,3,Highly Ready
1.4159185664289642,47.957191370099366,34.77264366178796,48.19173646361302,26.738257937743303,23.75771613744957,27.234831236435692,17.620843737286112,9,10,Not Ready Yet
70.82525963090127,76.92967054575742,72.95934104009643,71.69538489191156,78.58431631037926,76.04902141932942,77.07073939743613,75.73240774135172,4,4,Moderately Ready
83.17079083935192,91.72187016446189,87.03945694001986,80.4703795574003,86.98210872505456,96.15108436020253,85.44574886458923,85.65576576635843,3,2,Highly Ready
2.4970833216572563,7.014022924328178,48.4084787075454,23.213360606001025,15.308517705346203,27.237776169695433,38.125765113256286,24.82059016857806,10,10,Not Ready Yet
20.989479428610107,10.06531431736682,44.52631933523667,21.33152063586794,49.53038507468057,12.846578232162054,16.531293478990438,1.1526794756598902,9,10,Highly Ready
59.46467590023009,51.67743099182501,64.30406602434945,68.55092690067882,61.17083351075085,62.096256608936834,68.33194896846454,58.94482971298253,6,8,Needs Improvement
63.527017867884226,55.00932289495864,54.705995730249704,63.504986872354976,61.68416017582364,63.94228519606014,54.22643262612911,57.29576228545751,6,8,Needs Improvement
76.06979033244647,73.83909808618864,72.11293663745398,70.70526820927805,72.82612210904608,72.60982798967872,74.72068240930798,77.64945033219695,5,5,Moderately Ready
62.83426390456588,55.464246193868426,68.50274357160431,64.56694649689685,66.74386201963036,67.95772240027952,56.25887789887132,54.98531967053598,8,7,Moderately Ready
86.10705042063992,82.4262454205039,91.3877095174794,92.06961238221649,84.89176329269729,92.14921910203368,96.67566786791193,98.89499975110961,2,2,Highly Ready
28.745995790108115,13.481960027319722,20.495892786903063,0.8588099948408201,37.95352379829497,41.83857614449511,34.980409801511925,8.566867614576273,9,9,Not Ready Yet
53.309466666712595,64.01310067315775,64.0238287659975,54.93347306393004,61.361150890902735,65.71630353925536,62.56581438980748,66.88206319066084,8,7,Needs Improvement
82.07222684731158,80.15952199663316,97.8843244552983,91.42013899170504,82.58177519756615,93.82543894251243,82.30287058061678,89.57474392081555,0,3,Highly Ready
66.32926205794735,57.25945779285502,56.16717731464915,63.775596738745584,58.43037388227725,57.06020617862878,65.406352434612,53.37441035706239,6,6,Needs Improvement
72.7159411646667,75.10016494911564,77.63430911108463,73.43351305544454,70.57679464172897,76.5118104927126,72.01101461126775,70.49146912549917,4,4,Moderately Ready
65.01813252319677,54.672722885080425,66.54793986906466,56.99973220715292,58.0826814737748,57.412302713973595,63.72561817398891,58.0489138471012,7,8,Needs Improvement
66.11249195400148,68.34916251928883,60.99679026692039,58.74439411964522,65.51095972522991,67.6085617715564,61.970710992300624,67.99887300460128,7,8,Needs Improvement
54.404746269201844,63.52373322763003,58.13787791864539,54.98317078891067,52.30462166675032,67.8218787890428,60.91314121095657,51.86504270084444,6,7,Needs Improvement
73.66656115962671,78.39509331462335,76.66775516585697,70.3013692402972,72.23794931735192,72.79024634597953,72.63479581958059,72.38610818728206,4,4,Moderately Ready
93.26571381848488,94.2841123907932,88.31370435721199,94.82903028922475,93.49594336762968,93.16065466348007,95.62861901842868,90.805445586323,0,0,Highly Ready
67.14935505789242,61.24345558499096,56.05043601144644,64.55873830978722,68.2667393155561,53.75383149050308,65.48491810089897,52.614070457513606,8,7,Needs Improvement
3.2205646730274706,13.174798037232321,49.677349641002664,15.104903730690221,42.0736194843564,2.9222675245872685,11.419044634908998,39.69696081853473,10,9,Not Ready Yet
75.03176085267602,78.49888049455716,73.79911876110428,73.04506409638051,74.03610113832696,73.03096684492003,77.84926579732466,78.30053418747323,4,4,Moderately Ready
78.94614655062453,75.61247634991162,72.10395807835366,71.22662957121562,71.20997843870298,73.61145399631971,78.92355859257478,71.9397361564614,4,4,Moderately Ready
85.07277777914575,89.36892054095465,81.35441627115954,93.84516017479535,93.40655042244549,88.5555256580283,89.1258849747777,98.65629357334748,0,3,Highly Ready
23.919406015303917,30.498057733242756,37.545188074495904,15.759435016335344,44.93225021227926,2.8332766792032005,13.899700582681202,18.50975536205224,9,9,Not Ready Yet
75.23549085114269,76.92624227199582,77.34458260527794,71.5356458806611,70.26139046960371,72.43767910786457,78.2610982176427,77.13163382698812,4,4,Not Ready Yet
68.03786426409854,65.39198853423818,65.57098966349051,65.34893886736953,67.510883926379,51.29493933644597,59.175939924408404,53.93479678956429,6,8,Needs Improvement
77.92972037464156,70.5264072191277,77.32891786029984,76.49991106035027,78.24662641794927,72.3304915275051,77.94788041649893,74.16312954997142,4,5,Moderately Ready
13.022505273640144,5.293542378507027,39.33298693314368,30.036010569227926,43.113276058016986,46.282965415608004,2.502321968345844,17.988037928871346,9,10,Not Ready Yet
74.22244840607271,71.33504153084237,74.55210324264979,78.38020634335876,71.61890841573452,72.84992108038944,70.3609292300342,78.60206871676742,5,5,Moderately Ready
14.087371048559078,12.736123023501817,25.356661798323348,36.97487978169056,47.357715758459804,24.273389298134955,31.36005259589347,22.56847566865512,9,9,Not Ready Yet
81.71905353357292,80.9429255305567,90.61831704644703,99.32020522855412,80.83927262361439,93.93778150478835,99.650404257828,91.05597830056081,0,0,Highly Ready
43.14769313647567,24.236562956626727,34.67929774375769,39.89688740271312,46.62662007865879,29.913211670164237,17.626088896233217,29.387847696104796,10,10,Not Ready Yet
76.6169678566735,78.07659897117959,70.98452771787291,70.91821296180764,71.57952600925374,78.14784432523004,78.50811802961151,76.73594463833231,4,4,Moderately Ready
1.0732007625388174,42.85775061296723,7.482675889261797,5.64934364545363,8.80737840268171,33.956360191294074,34.25496064532879,13.033654015922025,10,9,Not Ready Yet
70.01356954299811,74.85620619615976,71.75951813028165,78.78545776463353,72.64984878687842,73.98536756556393,78.14359210805316,70.16669515328556,5,5,Moderately Ready
80.41619119114272,83.32420215164488,97.20362802955374,92.2769933466787,87.55046319454242,90.14973680441896,86.98721737733058,92.24154871196876,2,1,Highly Ready
31.19570229276672,45.18868743690078,19.863047609902424,31.733041874294216,10.460153654202193,47.38143230887061,29.88663306127522,15.826620315803153,9,10,Not Ready Yet
74.48207321962333,72.87016104275818,71.53446717888238,78.20843675902661,75.10514854179694,70.15783180121517,70.72498070428074,73.59430722254221,4,4,Moderately Ready
73.3199689548786,76.52614973744018,71.41901122300465,75.33276248404785,71.05323052884656,72.90322289851714,77.7821683406491,78.36043348101857,5,4,Moderately Ready
86.3549222522683,95.14901677740224,94.02262845360721,88.04446387776603,88.71783289974388,89.2654470605217,94.40403101032436,83.08338651742825,3,1,Highly Ready
68.1711963656391,51.76941719477147,57.7856977981922,57.03404098703277,55.665761003069896,60.258697051459706,62.633528352072965,60.92204707945558,6,6,Needs Improvement
72.00731766143673,74.8447879615616,77.66199934753796,70.39248451183366,75.16506965316754,77.6650089074591,72.02004581942671,77.69985256652016,4,4,Moderately Ready
70.84925093909958,77.45952120837616,77.03899870579261,73.34901876555867,72.66465271713031,75.96471651796452,77.95092201243247,76.40105918312375,4,5,Moderately Ready
49.571697190949095,14.897712652992269,0.4218049734760754,38.1787957932238,5.486763838990888,16.335830935144376,27.813600948912548,2.924382086643357,10,10,Not Ready Yet
76.06347398466349,70.38322214150065,73.49440417884999,75.13015536481602,74.52228512793852,78.39194123804906,73.98019752461111,74.71975663545709,4,5,Moderately Ready
68.27572905256527,62.48050587796479,56.07184159027911,66.66389309754464,64.48081795568957,64.95127425653044,53.13753519001812,58.83619939562655,6,6,Needs Improvement
53.01227509222381,53.53636842122273,67.74291588254374,65.5559397087019,54.22282219940325,54.47954287599318,51.307939495902424,63.423186161751666,6,7,Needs Improvement
74.78707785124051,77.16253916735367,71.01491109678626,76.59465030856713,78.43894815891773,78.25332919448444,75.11516763979472,77.75685088560104,4,4,Moderately Ready
22.325675246650068,41.2691175044892,20.312563549029644,30.470518244080786,48.83821145183081,13.884254014256337,34.532734575437736,4.826753829303265,9,9,Not Ready Yet
80.39804787293271,84.38680334019413,88.6398196849597,88.19642678215158,94.75000943067505,94.90252094985418,94.12460744412704,81.24775916418174,2,1,Highly Ready
71.74052610170652,73.56426700723893,77.85671357711591,70.03463961106456,75.68627473278134,72.93973714326708,71.61514387601149,72.19844612461823,4,4,Moderately Ready
53.91309878713106,58.52273728820773,65.58570089256018,54.076489671168666,65.01036141933497,64.8115146533129,52.12405975962835,59.11983356748474,8,8,Needs Improvement
22.86943188171331,21.807386701391035,12.203281319809916,11.356920815002319,42.1918219163306,49.64717212674595,10.340456248080033,43.604034372270725,10,9,Not Ready Yet
73.66758138761784,76.7228544410297,74.55092363823952,75.71499764193894,77.94945541530812,78.67127567441001,78.21745860056525,76.75038280669125,5,4,Moderately Ready
12.391607997586368,27.607498803996588,48.256612113480074,5.433008075066087,48.65737485676467,9.493595792000193,33.19120053419526,39.55509705724242,9,9,Not Ready Yet
74.86507834227635,74.57291630342459,78.73734811704048,73.14394854068311,71.68151468150154,76.6345580995141,76.55490616489384,70.56970619227883,5,5,Moderately Ready
97.9130610052166,89.8601666667525,81.89943844834605,80.86897513605534,95.11035302715743,94.46703335199268,96.51043557852523,83.34096297715216,0,2,Highly Ready
75.59052919705898,74.20379994407512,74.00135212845133,73.68776401915409,74.14579880434266,74.52851179430739,70.99602097400344,78.72943287596694,5,4,Moderately Ready
59.95461423104638,64.21963629245776,51.299453480781345,63.89142861064043,64.1739179694068,63.626913659529436,57.78366700288288,63.52676098913057,7,8,Needs Improvement
30.581777866884174,17.695093369016845,41.471649368927174,6.918290750560452,22.41086855684966,15.402394762911891,25.361490098080264,28.275220055546285,9,10,Not Ready Yet
55.91091692507956,58.832795659519306,62.45631484808463,64.75193297861574,64.28713403166464,66.95869975132544,61.42796836428163,61.940935897861024,7,7,Needs Improvement
30.86712748259519,21.15256808335545,49.42313805111343,15.225639962751092,38.22349214474587,28.704715378111555,19.817863957744542,1.0796843329205608,9,10,Not Ready Yet
59.964549411746724,61.06469942878917,63.340510764125916,66.31094807593237,56.11607932523866,55.964392985066944,68.16494981320993,54.48374249375685,8,8,Needs Improvement
59.31677997384648,56.20155467912646,59.25003981099856,67.98703005417025,57.18052829587938,58.1760239392174,61.467449498592515,65.55169073937776,6,7,Needs Improvement
60.60667544978245,55.773979777248826,56.68866773082147,65.2620343036108,53.99997523376244,62.5201752280135,65.51166371331344,66.76508903636358,7,6,Needs Improvement
99.7317034052907,83.28052794910543,82.79081984775952,89.17361856089302,87.93415239456516,85.79755970133498,92.03658624019202,81.22413099081488,1,2,Highly Ready
52.878743751817225,54.985911458803756,61.013075290550866,60.71323150632098,60.999801080071705,66.74881254123939,65.48096202865752,56.93784031781865,7,8,Needs Improvement
76.63204010027306,72.35720345750948,77.69149397083831,78.95359115268198,74.97998990959448,73.74394636495585,77.78944338209227,70.13111999887523,5,5,Moderately Ready
84.25708130686347,93.5931408919265,94.40407699203153,95.19544581753391,88.06594119993187,91.84347747096487,97.38877516665373,91.92880442081257,1,0,Highly Ready
52.74764525922571,55.69906627990733,61.175998609129145,65.8584243944954,68.61746248412521,62.96939606371576,67.14964780084412,56.29541477394013,7,8,Needs Improvement
89.59704740553805,94.42026747945937,80.39011354053433,82.36630313557677,89.44208177357845,88.28890783759756,92.85478112155883,80.69838941562622,0,1,Highly Ready
34.39660710203471,2.380272087054769,13.569166108568753,14.781320207944542,47.484696272361624,12.603250194909682,30.072649045030026,46.907124311948515,10,10,Not Ready Yet
68.18445858057521,61.05526966037574,67.7242612482283,65.73300369454792,57.73605441277492,56.41590262144784,51.69514856339199,53.5517408413675,6,6,Needs Improvement
61.75241742917436,66.70036846845122,53.464686331731635,67.78390016897367,64.82613129324233,54.316262430704626,66.391951004076,53.24791533471488,6,7,Not Ready Yet
75.71682043990229,75.93915864567501,73.95619142903502,70.26459604745789,74.49013545934653,74.32360284110084,73.49917872050528,74.87065468428406,5,5,Moderately Ready
72.93631828976052,70.8675001459787,77.41680532962107,72.08584233976453,72.02701752493425,70.05495976956107,77.473930297319,78.72504240449234,5,5,Moderately Ready
53.99203455915527,65.92019049460701,67.19047472422403,52.01441882595299,64.3384017682408,58.098956080519145,62.851416597716714,68.03708737824323,6,8,Needs Improvement
38.94004696611036,7.159319383392976,48.49552790199013,24.73267397174721,21.2799343363944,13.534997230794914,32.12690261959202,36.5753200822997,10,10,Not Ready Yet
54.07744541210684,61.52020682420344,56.49492911298276,63.26282128058796,57.23295608549547,63.83044778902763,56.627300678381744,58.30944390655913,8,7,Needs Improvement
4.201669785613815,3.328005617387264,16.79941226401811,2.6112718616027375,42.58397394296976,2.358180419829786,15.425691231819366,4.637307024868709,10,10,Not Ready Yet
55.14577939930814,57.59018669646468,54.86683094813821,64.90279069945684,56.35613596357768,66.72921067119121,64.1724024666868,66.35714700207468,7,6,Needs Improvement
29.0290479735584,35.1163919291562,48.999114919854726,22.973116561561373,12.997873607793803,42.370269038268184,30.151728616347363,1.8323512127138786,9,10,Not Ready Yet
82.49623530057835,84.35546478946287,81.66291771439417,95.75030610988254,93.76761677876699,84.79291853688632,92.8861949624368,98.36888337148359,1,3,Highly Ready
90.12055196388779,97.79248880968728,96.24170123243462,91.13632784311733,87.05252748644409,83.48176575897918,90.86610115695265,83.925985099322,2,3,Highly Ready
70.56335390225908,71.63385348096523,74.006533065614,72.75156607238459,72.94043257449262,75.94804446335407,78.33923957457347,76.56044689594087,5,4,Moderately Ready
97.2695398490697,87.12480894101498,93.71118150329086,83.75983048864266,85.58432651599594,87.63031847723782,81.75244685042212,89.58381629626349,3,1,Highly Ready
3.2652202944967623,15.51958181876089,10.495007341218226,19.802688858118543,29.383038582131714,28.77958799040039,44.432940474178864,31.455249262551504,10,10,Not Ready Yet
61.57575482392371,61.545070381651364,51.521876561722806,51.66476164772346,51.868035864686874,61.720392808123414,57.1251179176154,55.10175064499609,6,8,Needs Improvement
76.15382316991561,73.06342582757422,70.85679698242579,70.76485942946913,75.35005878423443,75.97214010878358,72.6145844172047,72.58740856149652,5,5,Moderately Ready
60.26279610378013,60.300650457708045,62.14655722319697,67.90493531686806,66.10870564028512,62.07129886027834,59.240781236373635,57.67281882379001,6,8,Needs Improvement
67.01699291784323,56.914681475102675,63.779617609666765,57.2735306141988,60.35818717088946,68.01806145406982,64.35415060818876,66.16656637685034,6,6,Needs Improvement
76.70673171620267,74.16484696850294,74.84931826951224,75.94299846943278,75.96317135998275,75.68080073257778,70.66580821856867,71.2389309383419,4,5,Moderately Ready
98.52460523369405,95.01225524851672,90.58241803932916,98.31808164201472,85.25384261093147,86.57462936801987,81.97763067333513,85.31751763743237,1,3,Highly Ready
7.993798152756792,49.745691713399665,49.10212811953204,5.240557746216718,9.111260520711333,10.881890221757933,1.484245512604726,26.408155822298486,10,10,Not Ready Yet
91.56244505133654,92.19509213955276,99.71680097158017,96.68584310096064,81.59572739528153,98.90520005173022,86.73118734008636,80.22713033668815,0,1,Highly Ready
91.54184386834415,87.4081305139695,82.95613923076898,97.22886121648929,98.49223336919523,91.704022319276,84.42022320972572,95.78637277687622,0,2,Highly Ready
89.29358899014962,94.98004511175881,95.37604404034235,93.37871913886322,83.90317739941725,93.4666909865385,80.3995038190676,94.88826410793332,0,1,Highly Ready
99.17051894331709,90.65276520336423,97.05662557087916,99.69517744694808,86.14747541165369,92.92636616023475,86.30298232280637,82.42525163938839,3,0,Highly Ready
86.56180200373407,90.70022982323187,82.02128661507149,90.04576976853294,82.46033877770849,85.66814129467909,81.21993077983254,82.7125801592077,1,3,Highly Ready
78.15199181503996,78.39399562235505,77.1556729009983,74.7783667256363,71.8507742018404,76.81773398532356,71.25874814566309,73.95883717916752,4,5,Moderately Ready
10.449289662104045,12.099724560409463,30.934097640348092,35.21572537985235,31.33156647304572,27.227633566318865,48.771386919101744,48.82860956761082,10,9,Not Ready Yet
56.25417795856691,62.98186436618555,52.54706793808868,57.01762052993428,57.94501185988936,57.76032425693689,61.52609706500308,61.22579676916356,7,7,Needs Improvement
85.80354634614278,87.85774766750913,93.5768533667094,80.85174674690137,82.6804785189508,90.16116200551592,84.79968390934718,89.7231810065673,3,0,Highly Ready
73.79641788431195,76.89138390758195,73.40389285004684,70.0421738705638,78.227013329002,72.65486739273223,74.69116010323063,73.39939890254394,5,5,Moderately Ready
93.65915304604302,81.53086796923904,97.8660269237821,92.46903687703251,93.93135718432474,99.17799263429488,86.46659622112006,97.83287334512735,2,2,Highly Ready
2.1426848975244495,18.66524888699299,6.22198620344453,9.445468958198584,28.010825644009905,0.06112088835571461,24.520747728693937,10.699660706621616,10,9,Not Ready Yet
21.111033906907178,46.68134631857837,25.45550647093448,5.1224296030763945,31.68800035832936,33.82161046213962,22.664381979427944,26.443427337325296,9,10,Not Ready Yet
73.705853001596,77.1755899966071,73.76550177080686,73.61918745444082,76.25655271713096,77.7450724486782,75.93348071532252,75.46130951971014,4,4,Not Ready Yet
76.87178233805125,72.50397655700415,75.52299482064193,74.08910272931566,72.42660179615407,72.87910949282042,78.64824695255939,71.00697246716251,4,5,Moderately Ready
24.54799902561526,22.675637627349065,44.41329918673112,1.0636492229266048,48.39176141650164,40.302204919157845,47.99277691541264,49.25596532218834,9,10,Not Ready Yet
64.7819989839345,51.63206620257878,56.4912037629485,54.74876255267603,60.069782329202596,60.40891415045131,52.170103826602016,59.88151800408837,8,7,Needs Improvement
17.95721164412818,25.59846424402471,36.61490463988349,10.722452925407506,14.198234215744188,23.74481650050995,0.6962280084938155,12.553444539864767,9,9,Not Ready Yet
82.25434168310159,99.0302782280902,83.86002771744893,96.51809314443403,97.46695316122936,99.38649252402664,83.72579418792591,82.55432581840425,1,2,Highly Ready
68.45799181395282,67.6289345824375,52.22076138700364,66.25288315912293,66.52241602285231,55.18758767917675,52.52986531706032,51.62730374213234,8,7,Needs Improvement
0.36614025701989794,37.898095801285834,3.314237676441767,2.8298551988885148,34.50706396056261,34.47335235460294,41.94328289633784,13.605569712707688,9,9,Not Ready Yet
65.05409600081715,66.12339648541129,62.57843784507439,52.07095021892275,59.6889813308609,62.09026148596551,52.77823228527253,62.41725208330709,6,6,Needs Improvement
59.38108966132181,61.57287079947751,64.2368167642085,59.54404996870771,64.39935847383694,68.69334441873184,66.57990274428899,61.33805261048472,6,6,Needs Improvement
78.92670203346074,77.57783714448605,77.14105830563142,71.66969953929271,70.1258990197266,77.49143558748563,76.24507493385059,76.06104056481917,4,5,Moderately Ready
96.56874442426219,81.03235394290776,83.84837810776811,87.65143819538362,88.63242314744245,93.75084539971985,84.30224464092561,89.49782282292831,1,3,Highly Ready
8.491760885749212,46.71250579132403,7.572321511445951,1.7573956518611045,29.727840920992627,38.971639719762834,11.822284903721409,44.66312557555275,10,9,Not Ready Yet
83.93187752504203,99.16872360463461,91.6678477870192,80.19952793999973,89.29692677792849,92.09830393090672,80.60050130783506,81.91559381707502,1,1,Highly Ready
68.38254328237352,51.46794352213696,59.30510766723292,62.076046871443275,52.610554288410526,64.5474343003069,51.622931195633655,59.12647803939859,6,6,Not Ready Yet
96.2599385351948,91.32743254918701,94.86488811810554,89.45227993795268,81.5114101253578,87.79695115918133,82.85070094252197,82.39900589361068,2,2,Highly Ready
65.26224921653974,68.9782850364417,52.99726812728218,54.00930970794587,65.53937543832198,68.35943471812641,59.53129789990352,51.11319598694285,7,7,Needs Improvement
78.84925348166627,71.30229775924587,72.03024599579115,72.7138094130026,77.71145691781243,78.37606205136719,71.18570162097367,73.24491320772485,4,5,Moderately Ready
83.62167436103132,98.22738984044092,85.39756205012334,81.6456432852024,99.08699717112904,98.27724783666719,93.28637908852478,80.3403530394049,2,2,Highly Ready
23.723017380871596,9.014726197655353,30.851203584150948,10.412206379474304,9.131577767679932,32.07763978299123,17.656112207400156,4.718668842557555,9,10,Not Ready Yet
23.280934468909308,40.917059145908034,36.01000478759086,1.2053221354303256,48.53372934353621,6.696826320271337,47.400929907316865,41.35806213767893,10,10,Not Ready Yet
82.62826474096904,82.12601267918534,93.34829674816729,86.3933828406159,98.60281698957445,91.62884368333032,96.83187322183234,83.41459062776315,3,3,Highly Ready
65.44200743470707,66.92813065234742,55.59538665876873,61.008046758944374,65.2409468130659,67.34941658118342,60.24651239916951,58.583418282003926,6,7,Needs Improvement
25.009994404583757,13.461713981614093,22.809325627542247,1.1817803648009273,37.460071679473394,21.916099943542616,32.867459787983535,48.82108125409884,9,9,Highly Ready
42.31853878768301,6.5314747712589885,21.859160922756615,2.1806046554267047,20.183196131617052,36.8488526814057,38.20456472377722,46.664498308256185,9,10,Not Ready Yet
77.06880745242773,78.81682673151903,72.50742243128263,72.42113965443338,73.93341642196306,74.0414263419877,78.55525534862022,74.53752713217946,4,4,Moderately Ready
21.584672923196724,7.401710269755085,42.784148085761196,8.408626938580744,49.893553617037725,9.965092965766903,36.34264077680855,34.31596157655135,9,9,Not Ready Yet
66.81568611969405,64.70452490389698,51.035610087940626,51.37118125205581,60.87378732369802,57.784260559648295,65.27902994491484,64.38798112316213,7,7,Highly Ready
75.50967788728671,70.0302281949328,74.6898304979923,76.91306152942258,75.11315318192132,70.80983159759538,72.26910310292243,73.65574412185617,4,4,Moderately Ready
95.0593714030657,92.5555119145316,96.40799958036794,82.7772743531333,89.8894423546704,98.67637611281071,94.8432911681636,91.63944537539096,3,0,Highly Ready
39.75783539304705,16.84192020453571,27.166333417963966,42.132261377183674,4.110024848134347,42.72849145032494,45.48704868093623,21.262870162736213,10,10,Not Ready Yet
70.20751901933725,75.37052715080544,77.57041766309715,75.30537808414884,72.49597021310532,71.97206274599858,73.9110583221068,78.01286756151191,4,5,Moderately Ready
97.6476094253604,86.36681528277202,93.24305602969662,91.10591927852657,87.38760049556238,85.18275802280398,90.02497004591251,95.18459164698885,2,1,Not Ready Yet
85.19548472835419,96.95728848349015,80.24076582020723,87.26037669233281,86.47883873621213,84.78347022499652,88.25745886729894,80.59942654467787,2,3,Highly Ready
67.03027390444998,55.92008836223292,58.279595522395994,58.94910154244942,63.89005266849721,52.71882955025198,60.90965605142017,55.805938108728995,8,8,Needs Improvement
94.12679937034711,90.781497345902,81.83204318414901,90.13991253855937,98.41301026013087,93.05236521698419,90.2667785356549,91.92927016652263,2,0,Highly Ready
71.26664571689908,74.77790604621065,74.50717402983594,70.63025015199129,72.35871956646028,72.92285505789154,71.22348860061258,72.04661364188058,5,4,Needs Improvement
47.55174850320522,11.113459000155629,49.78728870095082,0.8698422493119751,14.732962134178695,7.973518080918096,4.7350622685590205,38.57947646081957,9,10,Not Ready Yet
93.73237273375287,98.76536221346905,92.56683575759669,95.72603562944333,99.49105669965803,86.91903137631131,80.35797838670979,93.31117255483234,3,0,Highly Ready
92.03230085565046,84.38126535048804,85.2900435665951,88.16797018401796,81.07564212162093,82.55573653601968,84.84605901276642,82.8664853361668,0,0,Highly Ready
94.91275219729175,83.51562070854065,99.67218382717364,82.54304536697244,94.70016196224171,98.50460508870285,88.54431391785201,87.01694966697265,1,0,Highly Ready
57.73670268213384,59.95965283541168,58.72889798755997,64.52574173995734,55.038990491650736,65.66814115564726,67.04169877729741,67.44203526917074,7,7,Not Ready Yet
48.53225233976515,15.273075049777162,8.885217790988703,7.216328374471292,21.99030012598705,49.378787435130405,42.60651157573353,14.992287897623829,9,9,Not Ready Yet
80.13687154143318,89.98441170441784,94.87043377735459,92.51843049869471,84.0991564041434,94.63777993755454,89.83636183222298,82.97801528267159,1,2,Highly Ready
49.95865576335501,26.73790274898593,8.15909502662765,15.892515985988936,5.077839176898169,33.96944706373572,41.30250791417334,33.408925292161875,9,10,Not Ready Yet
19.59923090312779,20.915277191844716,40.461991126621825,46.747370195046955,46.5941156069897,39.158583581518144,47.635177207232545,42.79628624395356,10,9,Needs Improvement
20.43848851781384,27.288880363850975,25.53183617303492,42.21545914916787,39.505345606634506,14.67259059596992,23.35407615820666,4.025979959365522,9,9,Not Ready Yet
70.32849485959879,78.77470503295842,70.97967790258294,74.59233902193436,74.50538691945842,74.3503536577582,72.71203464092306,71.31016979463388,4,5,Moderately Ready
56.536791540426435,56.530294113375604,58.546970515077504,64.30057263054103,57.81126655532648,53.74248682748181,52.98833121891831,52.563851684726856,8,7,Needs Improvement
64.52177931676094,53.94528508502625,55.62200236579013,65.14178491456222,51.30945436252756,58.194049580981186,63.43721481394336,65.41853726726016,8,6,Needs Improvement
94.20514905638383,89.86115243645162,83.91129561464518,91.00862474446116,90.62392833035464,89.27198622361982,80.05042908447601,93.37380207017578,1,2,Highly Ready
75.2808342136487,72.58750192451465,77.86988367718459,74.52421188545692,71.60893090453848,70.582955902473,74.65135472636705,75.28017834732188,5,4,Moderately Ready
43.30856717159281,0.9143271846013823,42.337112165368936,40.82793373642731,49.648165346586104,9.087241847480843,8.04989331035969,43.90813275093956,10,9,Not Ready Yet
64.07173278448572,55.4484220410691,51.52753675082586,63.74819524009581,51.91723867950735,62.003413896199575,68.11911314354886,58.629911006059075,6,7,Needs Improvement
76.56982707810954,77.85065550019686,73.46545502152921,78.8870885932899,71.82372182956637,70.56233779337647,76.28980623792708,70.94531114661746,5,4,Moderately Ready
85.52044958359505,98.76716792780255,84.19713203576416,98.37967171323102,89.4968774636524,82.33552891622512,82.13875647637434,93.79717700129478,0,3,Highly Ready
37.46075075304593,44.231305133678376,37.883519898337774,44.20530458067091,7.779404059260936,49.384741090203356,17.738927037918156,35.764450064614046,9,10,Not Ready Yet
85.69790688833609,99.56365415992327,89.3331865700298,90.47766988406431,97.34671404431143,98.42528998992228,92.57372634418016,81.54082629174486,3,2,Highly Ready
71.49083625790118,71.0744187027492,74.25293421226453,71.49821004288647,74.75636075499625,77.8050550858236,73.99276527541336,76.70209635072327,5,4,Moderately Ready
2.8119048904846844,11.33488024322251,5.597555617054328,20.775088334748006,21.337598572481557,27.626240510590154,25.599285629044545,38.95986177607233,10,9,Not Ready Yet
76.09161495686692,77.9120374010765,75.29270780610807,78.89059721274506,72.26182790346515,74.41369005273316,71.08553019031334,71.78168935601772,5,4,Moderately Ready
88.38450648779543,97.26582320124542,97.99340604289446,80.13948219747263,95.96537788015544,90.94059765561288,93.47472827476186,94.3263606055142,2,2,Highly Ready
25.025064882441544,0.7365238553719344,32.56659219298257,33.45648380671686,14.65801119586626,39.920127677929536,6.74767204124006,43.81694808425805,9,9,Not Ready Yet
80.76102879484624,99.86628389126834,92.04929644895935,95.26836713886658,91.02972065693312,96.93831867812469,85.19163197255295,93.32763589503762,0,3,Highly Ready
17.825365463753496,21.846533052527807,34.50467702686569,12.295390880876845,42.48522333150459,45.719534133195104,18.233856073387507,37.42839058473819,9,9,Not Ready Yet
53.077921383806554,58.31830120163921,56.36745225505624,53.613449163668705,52.308593318457994,59.64616901203532,51.17363135454462,54.5572490435214,6,8,Needs Improvement
53.81773342994785,66.27362321178514,63.650692965574834,63.5070866050207,62.16005004709575,66.58264560996268,61.4019714926568,56.19405115956759,7,8,Needs Improvement
80.20437796435174,98.2574944357778,94.77180412785506,92.01374036213292,96.18979127326521,96.28094852201198,86.32785645993823,84.57266316515963,1,0,Highly Ready
59.572881109673624,57.56511141170347,65.53576957328264,60.900891108847496,57.986425553032355,56.23442965207277,63.8324724457814,55.41122454523735,8,8,Moderately Ready
60.89911107445414,52.682503179136845,56.86532941689616,65.76333682338034,66.84836019351313,55.97047111703091,59.976040553830565,55.67238017795036,6,7,Needs Improvement
6.113974124214533,23.622932749532872,27.590476474523555,16.047580817513165,38.245918569860635,43.211368512797016,6.840786913785579,38.52142061157525,10,10,Not Ready Yet
53.41175533991891,61.66095597072011,64.7713834355039,59.95950970888446,52.77232276010953,57.52105056250656,53.7857605723653,66.37347470894447,8,6,Needs Improvement
36.71759977316572,0.9430390423194601,14.781790147262768,14.635938940618809,37.918919227326576,42.128791656633936,18.490585972257655,14.009180077482569,10,10,Not Ready Yet
70.58192069809054,70.91571058516091,74.1462330731166,70.55031518222533,74.50036226343072,71.1025274042404,73.45846671051964,72.37216997736907,5,4,Moderately Ready
3.060071623516464,4.8851313019826925,15.902508537059878,48.93500664393265,26.503814017752457,38.815834442418954,44.43336369182933,14.825342529020435,9,10,Not Ready Yet
63.0909409467818,57.899807549242595,53.91595770513419,54.10964977727796,55.67208298944235,64.53133428916104,63.33452137936199,58.250879598131576,6,7,Needs Improvement
77.50514934735236,78.97328526833087,74.0382539238749,73.85749703091416,71.22496070036716,74.00787597801033,78.03131192471997,76.14873377875887,4,5,Moderately Ready
94.12813651659,98.86158262763281,84.16491638520795,90.96979706986176,98.41693705333572,89.51775989198222,93.83257108008313,87.1626906996581,1,1,Highly Ready
41.79477970122675,30.369073171957663,20.321848577231478,33.5910963617573,1.5104773630690183,13.162312104185098,45.92612718646471,26.165777442473225,10,9,Not Ready Yet
73.01148006336055,73.33464682099809,72.11785334600042,70.0542379105216,77.09386094084824,76.18573748859343,78.49231220415379,75.43585710933823,4,5,Moderately Ready
76.67983335073495,78.61293785380758,72.94634696368598,77.68378977510592,73.86157872947977,72.31635139874075,70.07951108983484,71.72666847807395,5,5,Moderately Ready
23.684498854052876,29.76893778213705,23.168669827212184,35.533997170254935,17.21309544693345,7.939260988061942,42.52691867834867,29.334826657348756,9,9,Not Ready Yet
54.256698150809285,54.7810420355621,58.24394163111169,66.07128030318232,59.19794999894179,54.71235687467994,52.073453401856106,54.16914691893713,8,6,Needs Improvement
38.07883637957694,41.79583060174753,41.50661467425217,32.56244133673877,24.504787633540616,30.337364271540938,48.43560028516494,5.330397718747848,9,9,Not Ready Yet
66.89473582638439,57.695080444606845,56.20110211393004,66.06869484443045,58.27466966501058,60.96226129076184,51.58287491460401,54.16298558503348,6,7,Needs Improvement
97.12955784894103,83.58342382120794,80.5917595175637,83.60365685028991,88.26417341752376,99.22162204741642,91.37277793805501,90.99186092822465,0,2,Highly Ready
72.41773861243651,77.4594273246593,70.54495020062272,74.91730465164378,77.81516381087211,74.05519254640474,77.9518426655496,76.83525890986577,4,4,Moderately Ready
44.354697606910904,1.9668832004711978,17.121668042708514,0.5390155842014743,1.6449065101166394,29.165126084642303,10.4339287373236,20.66344128367704,10,9,Moderately Ready
61.396297559364,66.35060769346643,66.53445899896411,58.93025258837919,61.13762546342214,65.08535543072837,58.79816235318767,55.34998765949783,8,6,Moderately Ready
76.67289644166296,76.80608874087521,72.92586753771444,70.54779017274427,77.92878763488044,75.54204006162843,75.51473350345054,78.87976612858753,5,4,Highly Ready
72.02379698414344,74.15815599491022,71.42203312308907,76.82299568086346,71.62164127728539,77.75061088638797,71.44058790097586,75.15332731649917,5,4,Moderately Ready
56.37237251958939,64.90327382190392,65.70787521992835,52.07099427474957,65.94801312497293,63.933473390013454,59.14612498218112,62.62586979538425,6,7,Needs Improvement
72.73350159230142,78.79507441705972,75.29300894143631,72.3829749123071,76.74026711016458,75.2774571505391,70.21055430973911,76.50507361445676,5,5,Moderately Ready
89.90323409344514,87.26775866054555,88.2556655774247,97.4207465382964,83.39292318293376,90.91280579719388,93.30214674992388,98.44732107270997,1,0,Highly Ready
70.69978892905314,73.34263276301076,77.42751620337717,72.69363769843467,77.32463265317507,75.57726868460453,72.51543544479782,74.8799250882253,4,4,Moderately Ready
73.13646316985835,71.7318565787777,71.85660973608358,70.05904487234831,71.50995440931698,73.21768797639848,70.36663303811608,77.28628746694443,5,5,Moderately Ready
97.6947247578778,84.52484175403573,86.75289247686861,86.57121595683913,94.35827027007198,97.94924229881022,84.52072648038211,88.09640252305496,2,1,Highly Ready
72.21042924921761,77.87632327869393,72.65088925248546,72.21660799940696,78.27222778997498,75.32885947704905,71.19036429423974,77.30661151436442,4,5,Moderately Ready
77.48487960318671,77.09794126767808,76.77392726713423,70.81419280510568,77.91733441664344,70.51778988539412,77.02068171650214,76.76221160133181,5,5,Moderately Ready
71.28378645468162,78.7028277029672,73.61339649396234,70.67728563644066,74.13807158753954,75.29198332388145,72.50069669962285,70.59009878454901,4,5,Highly Ready
77.80267800699036,75.76825511333466,75.09721490612883,78.11518339837514,73.07708044796591,78.8738530812522,70.88010020757922,71.19195177128393,5,5,Moderately Ready
81.99749119305872,87.44754079462874,94.45094248664115,82.56217672588737,88.47104398235246,99.01581306369148,89.46905096150964,83.02289540585575,3,2,Highly Ready
45.285312139193344,35.060976082609905,44.51781161904738,21.286172092134326,22.428443584088807,38.322627257022496,1.3224851356854528,28.554094803739893,9,10,Not Ready Yet
55.86867808624744,54.43893355870154,63.692709683672376,52.13030277467513,63.43949830640026,66.4810772089181,57.38326317205128,56.72031096885777,7,6,Needs Improvement
75.75862531323438,72.69561424210568,75.99571346172576,70.44432431948798,77.66217163931242,74.36603015851921,75.32151726744294,75.73940125299184,5,5,Moderately Ready
76.67124097244381,77.7397258816781,71.3799288104231,70.84081884857613,74.90730572586062,76.37376384711077,72.28935106586324,77.18105510680864,5,4,Moderately Ready
78.72214453717181,72.72260004986038,74.88458387812915,74.43374353925158,73.88279852594721,75.70642619162675,77.46563331910394,71.78446842472837,4,4,Moderately Ready
78.87559603172325,73.86998540303567,70.85747502164331,77.85346371350886,78.48480424668222,71.49336240487277,74.20542952751893,74.88611536465294,5,5,Moderately Ready
60.355775892762715,62.4577166368232,65.14098261385399,57.46699083771062,60.49125067552393,54.45789793827952,64.29871168543954,54.092332314758664,7,8,Needs Improvement
23.891297033047554,20.22653959264461,8.595054230835085,36.98280360844559,13.306274413279656,24.11275100906539,32.923107439466214,38.945932003960664,10,10,Not Ready Yet
75.73883160109865,72.86993922020513,73.35908940971925,77.07162043653742,73.52611104040561,74.9990422981323,71.55352159330324,77.8261874404048,4,4,Moderately Ready
77.16232973317202,78.40443591565389,73.65161501997727,76.81239662279417,78.89971363320113,74.0249991681347,74.97223571464943,71.69832650796207,5,4,Moderately Ready
98.91527997993336,95.85837843455751,84.9136775615898,85.4705393444284,85.7494702294069,91.46795349940703,91.88043296507666,95.76122015914987,3,3,Highly Ready
73.99045619635147,71.20940988279271,73.58651725949511,72.36048581650144,77.47939736415964,73.08422030100435,77.55229116584017,78.66585748066315,5,5,Moderately Ready
74.29492640140343,72.56536298113423,70.35404307521036,76.45458801898654,75.53070909286916,70.44912025806244,76.84232385277465,75.17428737861256,4,5,Moderately Ready
71.59872908301814,71.44289891929111,77.52718531469347,70.84281532303685,78.54673937206698,71.99973503828714,77.66960173139051,76.25345049367094,5,4,Moderately Ready
75.93168250721281,72.88333716690367,72.52887942345515,70.99807551735059,76.16578609299108,73.76186780243054,77.56488635014024,74.26601461157611,5,4,Moderately Ready
35.43557693277358,35.661411262822504,17.69942902413136,0.7362684504847616,16.278221170704498,23.151441728124077,9.994259577757452,21.182962540586185,10,10,Not Ready Yet
76.05967008323906,71.85027401035539,77.80612012724974,71.78404650150617,73.69329936081168,70.11187726099958,78.43170936504809,75.55496344961804,5,4,Moderately Ready
46.93456187846125,35.7708093148253,19.454470406832563,13.801089264425704,40.856367829332285,5.815210161877116,37.443289979035924,22.98833473722529,10,10,Not Ready Yet
23.830439504616685,21.011163254937376,45.92932080926443,1.582303800430085,42.93265294005965,10.421411987408662,12.550392972083824,14.615874432049969,9,10,Not Ready Yet
23.66907348029084,42.91739998019519,5.004338738172148,27.52395065180223,0.9886410079916585,4.327133236785769,42.31154490054185,30.986127859166178,9,9,Not Ready Yet
51.74117466717725,54.036601552118064,61.08651448745629,59.015333887470845,55.79895670627744,55.81174364238865,64.83448386886555,54.02792875425843,7,7,Needs Improvement
39.806528462607645,25.049158120123565,19.436058987900424,12.776421177623886,28.51363039048593,49.87166151805977,8.27538980503954,43.707323556178025,10,9,Not Ready Yet
6.840773827590646,27.97059549682586,2.073121920553583,34.41072049275431,8.647830112971361,25.785884795290766,36.6971104242272,13.31102068097117,9,9,Not Ready Yet
66.73914460889914,62.26478606418859,56.63314137362509,64.35453333694426,55.822504007360784,52.644664503892265,64.07003401974953,55.22020500736809,8,8,Needs Improvement
80.65002762996421,95.62025058573104,89.53911178315141,81.55305151072893,93.43923247267918,80.99821899901698,89.77457506156414,92.95086795614526,3,0,Highly Ready
60.09339893766739,67.31752666388381,55.71463254812757,54.821016015311,51.92212808975002,64.09934601748866,52.48237907707825,64.54395288321898,8,7,Needs Improvement
20.704692173406354,23.36769146150857,33.97182966650989,19.384972287348788,11.692002566208004,27.67263461821388,40.45675989289917,48.23378428151776,9,10,Not Ready Yet
52.5683025669337,57.70980613452625,60.315525512678974,61.9607177993846,51.60404526360992,52.07658842716179,59.15060642776491,67.64105058106782,6,8,Needs Improvement
90.34046386302492,86.69043005123879,93.9500861547026,92.99624157566691,96.75255858333401,87.70117491788176,85.80111875776842,84.72375785758211,3,3,Highly Ready
80.73009956298674,94.11775786399522,88.88414059087769,98.29693681371299,91.84280268984975,84.91294253040464,80.54099550788969,89.66093967029633,3,1,Highly Ready
89.42006404710457,95.82916928643942,98.09527086023134,90.95987289145826,82.71278637394852,94.69791117063315,88.41259396229873,97.75705126786555,3,2,Highly Ready
95.421947168097,89.04243923844177,92.9408545057575,88.61815815107477,84.36059974169453,95.19855012439048,93.5250555869631,96.16676327980333,0,3,Highly Ready
28.63205649506674,10.217516610279647,33.986865659507544,8.457998073240958,25.751862933337506,30.895867149702443,42.390862667454414,37.79694455920825,10,9,Not Ready Yet
62.47824838614278,66.26688950057574,66.1891650712,62.46241128033623,61.278030637539224,53.50198050522689,53.12306830659842,59.19740287256456,7,8,Needs Improvement
38.242116599436656,27.25325221729225,20.07363613053932,36.1644247333638,1.4869773414488696,19.537707867448304,9.340951159200033,3.059612498632297,9,10,Not Ready Yet
78.65941589389365,78.066821857668,70.13347030633017,71.72492070117256,77.28626052455566,75.23218889233323,76.90063921759129,74.58073166425339,4,4,Moderately Ready
7.695922784015369,35.12139630424163,48.28877519204068,38.47321950050947,38.63075070242689,11.669020900000094,4.5218510395069185,36.876886678643565,9,10,Not Ready Yet
54.089082071885855,61.57162083130226,53.839231301424846,54.71244304570063,63.518208717140936,60.640120270590025,68.16625177836144,55.21951509643026,6,8,Needs Improvement
76.18379090656417,75.7576029555018,76.23096077273414,71.01659250662098,73.2291328085645,75.0902271754627,78.80555295025499,74.04677038074327,5,4,Needs Improvement
96.39052056351426,88.78378408996029,80.03983518002397,85.16927093211325,92.14516349591344,83.24812158325166,99.98678390257871,84.6400051655488,2,1,Highly Ready
95.65620003216941,93.87475664590218,96.44052084392024,81.50689370422191,94.4935836700763,82.23292088721473,89.4295195493099,97.20064787975296,0,3,Highly Ready
33.166183986438064,33.89004137884742,17.186991454298862,32.25999196160731,28.99491819132024,37.78026206740121,45.14661912662483,2.590252124874348,10,10,Moderately Ready
74.59901992111193,72.95710814754109,71.79741839658723,74.03891471007762,70.41743212960615,74.28358590222592,78.43224177056322,78.79593882266195,5,5,Not Ready Yet
80.95848190837906,80.62175654071234,92.58207746437509,80.62890939676484,92.8124376979849,97.32337355031666,97.18005747580379,89.08523189415544,3,1,Highly Ready
73.73157183045454,71.56467921183659,77.83106902192196,72.6638419069075,72.6923264978977,74.73919600200833,76.7703932338859,70.27171646762356,4,5,Moderately Ready
75.93793973486932,78.69346738643878,78.56268523696454,71.65465646068955,75.82161272467926,75.68211289853224,70.79935582486807,73.77053534134129,4,5,Moderately Ready
97.69116608714256,87.6975689617663,82.20357375912226,95.99618158820985,88.12289020298617,82.64863401883184,91.14938617245758,90.6076754828496,0,1,Highly Ready
92.71205257734805,96.08929323780987,99.88530798596595,88.42558461347495,93.4503567071788,97.64726314910689,85.61222065528088,84.36684061975234,3,1,Highly Ready
60.394572081032415,65.78376462869949,59.72195348292459,51.10565423564623,54.21556869296086,64.24412460204077,56.31423172793624,62.914630999774005,8,6,Needs Improvement
66.7842950428339,54.869093264198256,61.74007357905963,61.54020382181142,67.89818312725875,53.811781832745964,55.010920168858235,57.55617355164581,6,6,Needs Improvement
58.29124293336663,65.69452311607606,63.675887264746265,55.49866058663135,57.78100548448006,64.69881115912995,51.01384491006631,67.52923452538147,7,6,Needs Improvement
42.22308276774552,44.56986363593705,15.416934356849133,17.59652881132804,11.115294582546204,38.204914117200026,12.79210951225167,37.69496160714298,10,10,Not Ready Yet
68.47615133505529,66.72667127253071,65.88724288814035,55.895590805465005,66.78925974800815,60.1803743380466,53.64366354152125,57.34100709659613,8,8,Needs Improvement
25.888538125693305,13.8222615938895,35.615009591007876,20.555693712931184,49.953136666709746,48.0365105447073,11.541054184692923,1.922018595471786,10,10,Highly Ready
3.6845077311052963,18.641660579099067,15.520597087944898,40.82983005218277,48.38953089392596,42.76597309390653,33.32885611991564,8.708979612174794,9,10,Not Ready Yet
73.48256430522106,71.4920700911523,73.69656068886131,75.57894339531137,70.09971671145026,73.75257593082932,70.65404312087958,74.08334410591162,5,4,Moderately Ready
73.39259808132391,78.86740054421185,78.1781302467524,78.53184727882864,75.91573857061631,71.38887938329495,78.23331836339185,75.42882227987148,4,4,Moderately Ready
64.22646932746669,66.57290365923699,58.19671045249404,60.265821861861966,63.78208013562694,59.116916559610296,54.37123905643106,67.4945616130367,7,6,Needs Improvement
55.58652504871378,54.107998437280976,60.41863166582203,66.60480408768825,55.52643637443953,61.944156800477,55.446348188233536,56.8926712095928,8,8,Needs Improvement
70.76174012864247,78.91937910865614,73.62205840713227,70.2639786529524,78.0712433576471,72.60633577911122,70.447033091421,78.80999859365835,5,5,Not Ready Yet
76.5193902904014,78.49505551610923,78.609256246177,72.74463701002837,75.86856929922115,72.04145978149893,70.30380140123097,72.55819833710643,4,4,Moderately Ready
54.674254397292074,65.60749316475102,59.92271058101318,53.7415033893317,62.440220096596306,60.784152853946324,53.383114685096565,61.64586106711742,8,7,Needs Improvement
57.9073998432473,53.87584019721367,65.14627754694467,67.91678971462925,53.437781761164416,67.35463281128122,56.93111737951283,68.45317787505371,8,6,Needs Improvement
84.67064489973092,96.63301665069572,80.6196048215371,98.64976115293491,99.86652380624804,88.56214293966163,98.84818804270023,82.04609805679101,2,3,Highly Ready
78.46148565255766,77.44555163376846,74.90679125704581,78.75503049650023,77.34808949608801,75.84131499297646,77.71575854964699,73.62068414543221,4,4,Not Ready Yet
87.28990692585779,92.55895092118422,80.0555630696669,92.31374031431841,88.18080292649627,98.72894592973475,88.61226865230067,86.6641105678932,3,1,Highly Ready
51.121096145906755,55.462358655909064,67.90877723345432,59.83354536173712,53.169287598094215,53.94060234519674,55.05968977033028,52.305766894069855,6,7,Needs Improvement
52.74479641191057,51.93293646672078,59.82345572803635,54.536087256390935,54.052048767499194,59.93392297499201,68.47226898590485,52.117977738854314,7,6,Needs Improvement
76.25508813561301,77.49993388055357,76.69789760949035,75.25445782675283,76.5001014742169,75.31707665163638,74.6407276940235,71.7403860679992,5,4,Highly Ready
71.65463642249469,72.6453089167629,78.96675833161608,72.47555505946023,74.03698556556925,74.94955161571804,70.00076884044391,72.43840248465867,5,4,Moderately Ready
26.727255216234475,43.30006842638209,38.72334332223708,15.760662029104333,3.2844461213815848,48.43403133930824,0.256913413043397,41.847034346474715,10,10,Not Ready Yet
92.16601626147217,95.72855196464315,92.59749874980986,99.54914091809364,93.76122319062995,97.06664216238987,99.49976479370594,81.79656840612311,1,1,Highly Ready
57.33015454488605,54.46654204643376,55.60427798827521,61.89033385106157,52.32074205614774,65.30614547708868,60.1599027069375,57.19763678486422,8,8,Needs Improvement
96.15521000257674,86.41921891200505,96.7033562737542,85.21144066322573,94.36626461159686,92.38309106117497,93.38153770055554,84.97752720151504,0,3,Highly Ready
96.42516322028561,80.05385682740486,85.7011289911431,91.75664413658231,97.84521443082014,96.02318778821848,94.33648978344833,86.37866435837573,2,0,Highly Ready
61.87572575074545,65.19231793890282,60.826770564116565,54.20779928167036,65.47689425731672,51.43440556718042,54.76211002911772,57.887141265614424,6,8,Highly Ready
87.43493451406636,96.41535454153838,91.09365856637659,93.68985413737887,85.57402381723256,99.4420371492763,94.87486273363855,93.2014294631505,0,1,Highly Ready
30.404024831136507,16.897306997531285,48.541307040041495,19.10682666394284,34.602459310490396,35.4646990449403,10.33232989421175,10.186184094240852,9,10,Not Ready Yet
2.7746885763632436,9.49367344562016,49.27268157468093,14.999052607881685,42.50021018857696,25.156877528087442,25.361438803375773,2.6710881896641503,10,10,Not Ready Yet
99.2990908928393,91.16778306409239,99.84800412786323,80.8512023980291,83.36375192419086,99.58095888487978,94.31277440748877,91.98970402766638,0,2,Highly Ready
71.79722941761274,77.70542973424656,71.30733494681725,73.50817860966288,70.90233977784392,73.01757188017685,72.48109346614706,73.04653021728915,4,5,Moderately Ready
72.16871942340013,75.92325635309327,71.00294544805584,75.90577996991203,70.29113697750432,78.94775495747773,77.18848348523451,76.05012181319368,4,4,Moderately Ready
92.01239390745518,89.40767477126725,80.14020852387678,89.54814105510309,85.45273637225606,94.22336269594966,85.92531762722845,94.5281900015807,0,1,Highly Ready
76.75643522718333,72.60347909863005,76.71308060482784,77.40586840777307,75.15065444298556,76.56275198753869,75.18921179660181,73.79102093642646,5,5,Moderately Ready
20.3722589387752,12.409858899830601,35.15615044494872,28.810900962325526,46.14245444639624,18.165104177627395,48.811151837412055,6.89339479395758,10,9,Not Ready Yet
57.73146533035422,65.6331813484388,67.32988734596698,51.106877877484806,67.32329138359955,60.30485872345511,51.871536388632606,67.70627440979194,6,7,Needs Improvement
73.56228767445947,73.90575443553266,70.0752731363377,70.39615114900016,76.57840631736902,77.98389484561712,70.78957022594523,75.69958642766187,5,4,Moderately Ready
84.32711207667614,80.87603473549562,82.36531257457086,83.2981760887358,96.10988180947004,84.74515194283344,80.5762498294059,87.29672910798425,0,2,Highly Ready
54.60055778781374,67.9696393928023,64.62557034699987,61.23162658821669,63.530048524992196,57.600025655051866,66.43442605449297,61.34060583775349,6,7,Needs Improvement
94.33215655884834,88.60765994235842,82.66095889554026,99.34016160122582,86.97633756953947,96.29455118589436,89.85993369436932,85.90551520311627,2,2,Highly Ready
68.13274702777802,51.789205444920135,56.14493967182189,61.02306331193147,61.88954816063706,63.48274424028128,67.6631196135938,55.052323022844675,6,6,Not Ready Yet
82.41551231121514,90.96048021245643,87.78579299865078,92.58500968670711,90.58785039355774,85.66787062381432,96.77935299951855,85.65980266959802,2,3,Highly Ready
8.39369915318413,39.71009838798223,18.549734037148973,6.167398576931449,30.826550534010515,2.616646258122218,34.970567527190305,18.994308640089486,9,10,Not Ready Yet
96.80712910585697,86.19193845119487,88.46114382602026,88.9528989807494,85.92665380968299,97.27385485773489,83.08526735868594,88.43198744979465,3,0,Highly Ready
77.19799294284543,70.56599045018667,74.53571088825534,70.24455825715555,73.37012944068042,71.79143001234574,70.03931227036315,73.97097170407768,4,5,Moderately Ready
15.801669442373045,2.6984294305968994,26.3279651999614,28.604080551057447,18.670984033103487,8.962136974804125,15.11110591704149,10.459441037958467,10,10,Not Ready Yet
2.830720212182097,18.76880860650136,13.21072158661593,37.266875194522314,10.689707881612259,34.00047041909787,15.993698572515175,46.94845415186657,10,9,Not Ready Yet
53.2159483604733,67.80436492887225,52.43913452068331,62.57374409424742,60.44483117364384,61.36041809296092,58.16147331763126,68.3596288664989,7,8,Needs Improvement
21.484259638971732,19.417162941833848,6.15276714925802,11.752573100778562,44.05533981407774,35.674153494564145,24.744807654560784,31.360063579139354,10,10,Not Ready Yet
89.37414840596557,95.43993475820652,99.41138330741039,99.8764061549443,93.881299417953,96.95129938036916,96.0257772700543,81.77404367060376,2,1,Highly Ready
82.00523176247805,83.71217178761101,80.51066869549005,87.19761407859424,89.77737817792527,84.34027749145831,97.0061772789627,82.87312920245576,3,1,Highly Ready
78.98462342281266,73.64385258109765,72.33168641000437,71.67438968879874,75.0460391439053,71.2003426022786,72.1606576134844,71.47479055329632,5,5,Moderately Ready
29.6869660365361,9.341583124655223,8.266895055508632,23.669888048785246,11.83785446805859,46.65260229599051,7.972682723341274,36.04650256593431,10,9,Not Ready Yet
93.7202103707732,80.43382176387782,81.87841463854345,93.7747968720757,80.0026598669974,88.46559667838325,83.77797741114395,95.22290763234739,1,2,Highly Ready
68.30749243009541,59.90359237698594,52.270838088420774,61.63781348954798,53.688314378337886,61.94594223919265,65.39451760134116,59.698885336258925,7,6,Needs Improvement
63.42078401265843,53.283079133485145,58.00207240161613,67.46709742149454,58.966180263645455,58.85551516883889,63.415071345629784,62.20204318500996,6,8,Needs Improvement
70.03402158952943,77.49104448810316,77.09742179184492,78.86213192502181,71.92099680051886,71.39252917214293,76.9611113579967,73.89246369850677,4,4,Moderately Ready
23.343106440582844,10.187601647985517,3.7716118299094825,44.335140185794444,25.31160142266878,48.00452404982221,47.747081294069346,20.0904544176831,10,10,Not Ready Yet
80.06898018827071,91.17023383997474,81.04719895691278,87.5690428610996,80.69106405005725,92.28725348609566,83.38931435702814,90.06846722903086,2,1,Needs Improvement
65.83364850786838,62.525637272838516,65.23953728932939,56.35520111845912,51.965623426295636,67.16052342153387,55.86447546134179,63.15715509402803,7,7,Needs Improvement
58.70449739815277,58.56446391700925,57.68250483457106,67.66806703838382,66.1534324487078,58.734598673487575,53.878218548359584,66.1698533499254,6,8,Needs Improvement
25.417832904443046,49.10559481264284,31.714637147988938,39.69301462530069,47.19183720780163,44.151908887624565,39.773176335682024,47.29321316317582,9,10,Not Ready Yet
29.75063044045165,32.28444367133004,10.443288871827416,26.135931136202622,10.879467048101194,29.35372952333942,38.503732744877375,33.969556720705796,10,9,Not Ready Yet
63.70918265811763,58.69048789604657,61.60699158401542,62.16397537289107,56.66989318020356,56.644488530276035,66.60195738880128,61.74987701058093,8,6,Needs Improvement
76.97569795587316,73.92866743854724,71.94830419978523,71.18609265765335,72.00188560618636,75.31429842349394,78.03869463823031,70.91286342722819,4,4,Moderately Ready
98.20459009771487,86.59088605879514,85.76633282935394,98.65571250609074,84.55956865124074,80.3256727761155,93.99606497186932,83.6490499503994,3,3,Highly Ready
71.73797701559651,75.32420541159452,74.77949085331552,78.23878192706162,78.45142143576868,72.70154091383237,77.44039804492543,78.36229559580069,4,5,Moderately Ready
37.32616212368597,34.804164428895405,3.210699128823258,25.669591044765426,25.059348540885555,7.067190821838909,48.25954963593478,10.251477155928024,10,9,Not Ready Yet
68.50556022868128,56.22221576581199,57.98279113619639,51.89056613236333,63.55551227470211,68.77409332367161,54.598713223355574,64.02005963472665,8,8,Needs Improvement
59.41569535029442,68.63175316415115,61.790251073663256,68.50439749402648,68.43368191181372,58.04547000259925,64.5546901988243,56.84221125599481,7,8,Needs Improvement
28.368450617434217,39.838988105513366,9.639887468365599,33.91353768914067,12.072093774030062,0.18536517631859706,31.04477444964649,45.91643789588437,9,9,Not Ready Yet
2.5347645727584855,27.15016233151926,28.6965045631144,7.035443714700951,4.183700823855058,20.03880408868509,0.3704507272528301,20.934733123574972,10,10,Not Ready Yet
20.31760176684083,13.889152679795014,24.963112050857276,46.33945246142838,47.35109671898082,16.123684990323433,37.58039390990474,17.923696297581298,10,10,Not Ready Yet
85.09531400654618,88.61906785884457,80.11441737515459,81.04606231844646,90.47549790835542,86.7515697361558,95.73792991180643,88.2984980655248,1,2,Moderately Ready
88.29446366170265,87.05800447692782,86.50192217625847,83.07812499629335,97.83548224817035,97.2314970646108,85.2002421123849,95.39680458788456,3,2,Highly Ready
96.9606017817837,84.03432968282564,90.5856733629906,98.24298687791983,99.96223098424086,80.3397712875245,95.51063004633504,96.72994797204097,3,0,Highly Ready
99.16662964897608,88.16418516546277,80.91163737802161,92.44421888862536,96.19780614027528,85.35562323836727,98.32613933267605,90.253890848605,3,0,Highly Ready
76.24317859109536,76.58189811882825,74.86501609908917,76.62296029040267,72.01004951651075,78.84807341902271,76.99173173199485,72.50179315895116,4,4,Moderately Ready
51.21808781109655,64.86284392922111,62.48346082264068,65.8261050055417,59.56134705792948,59.72623683232157,66.20340723207094,65.78284396317474,8,7,Needs Improvement
73.02971822701613,71.37570913133881,72.41853547085556,71.88770426260834,73.50316537532609,72.43271620377631,70.11864264078004,72.85995859823642,4,5,Moderately Ready
76.93066604732549,76.76612863854851,74.42928679803309,78.89071409840103,78.76314417908361,70.12744654087224,72.89681265864066,75.76197831148225,4,5,Moderately Ready
91.68955964273022,92.55874630231683,90.97013608294091,82.80711645750121,99.65182072403974,80.02179520854142,94.34454122438896,85.01949314329994,1,0,Highly Ready
78.20212814788532,75.40418150853078,76.86435672833926,72.9891118979846,72.52330004047391,77.57378516971349,70.1580601276293,71.72088819443775,5,4,Needs Improvement
91.27042751671401,88.80037004723965,89.19672660099938,85.71405508109784,88.73572743837175,87.25148373986221,87.30599298412614,98.9723819663642,2,0,Highly Ready
49.671490829085336,34.3367917547676,36.08172616324086,10.073329509680546,25.0430127687686,37.730730594660635,6.456822096965853,30.31869207322597,10,10,Not Ready Yet
83.18347010682413,92.93405678368406,84.39566197519231,99.42148087792101,88.5872580157411,94.73657334489003,87.21189017930203,90.97272386800407,2,1,Highly Ready
24.028277878662774,46.4045895324475,10.489348358905676,42.46532655588916,22.1726284148059,34.98969264421159,19.19745408104923,9.089665056550643,9,9,Not Ready Yet
65.61534545967996,67.61981287660751,65.36812239705333,52.62590568093436,60.735882617620746,53.692464614720784,65.02090928435523,66.95437177171354,7,7,Needs Improvement
60.87766862427411,66.04756003932107,67.80415540611261,67.70131894014571,55.240198168183234,59.28302765673987,53.59941086144108,62.76774083471022,6,7,Needs Improvement
84.55997980706786,93.58619314842292,91.46417722949595,80.71823130673609,96.25102785178662,95.25820523179975,88.56826563423252,96.47844124924134,3,0,Moderately Ready
68.71975320606907,61.4566494212545,63.65880497299747,52.270823741616,65.239110246398,58.57294685345286,56.65128354467259,54.64545083552801,8,6,Needs Improvement
94.978939326127,89.2553781739158,81.32617821585274,91.6637104846242,86.40811197371967,92.05056325466605,91.15652703956229,86.04999890470414,3,1,Highly Ready
10.504894146892408,13.178727235829097,25.586321742569606,20.551245736093453,26.25618130820026,43.06222764982082,47.97424115869931,34.26239210329452,10,9,Not Ready Yet
73.5923330719123,70.9789676787232,71.03064665511911,75.68436967639,76.01110080945227,70.2507157749557,77.64752140643937,76.64404973234193,4,4,Moderately Ready
39.20689924151374,4.914572652706334,38.35080419995453,40.77396720961536,1.3276449027866122,41.37599411921737,0.35214197464599195,20.08949830681978,9,9,Not Ready Yet
82.63910341552587,89.62095272233125,82.93469139776822,91.09673889636673,87.75244467754352,92.13390765986824,84.61935538409705,85.49801914472715,3,2,Highly Ready
35.692405818470874,2.211935974926921,24.54148990210281,23.012083214160977,30.70917144930575,43.112610101165025,39.14702971637462,43.251562574985044,9,10,Highly Ready
51.2388547093167,59.76309099764127,55.250261361265416,52.82810364504873,54.07455300627319,65.4970588523716,67.17836284516264,54.9243675157629,7,7,Needs Improvement
63.26422005291908,64.81737148560026,58.919609249905825,67.29122928223924,57.43457518730767,62.586734188236704,60.44635692694739,62.121611586683045,8,8,Needs Improvement
76.39817510097855,72.52141019978127,70.40241230875714,73.30880039808676,74.58190745738561,71.88312920139757,78.74672725563607,72.80226985793577,5,5,Moderately Ready
94.03121398425142,95.05085485464102,98.72418004674043,99.55553779723891,95.86557601730587,97.01663539547019,83.96904206284826,90.71508303142788,3,0,Highly Ready
58.08379123169511,67.81908892077206,60.60867028557754,52.34366008181708,51.674540776685085,62.499662085491344,66.81014597198968,59.10601646544325,7,8,Needs Improvement
82.84247267724882,92.7761912306432,86.05106321041235,95.55955449157403,85.34019207316048,88.52703370338352,85.83845053067871,88.24027418737512,3,2,Highly Ready
96.38805549921858,88.46516873324353,97.12449556995526,99.07557685645865,96.28807053292527,81.32787308573818,84.35858367944236,82.69425118165552,2,3,Moderately Ready
74.55428728429337,71.87481360001442,71.07122689631287,75.24062952029801,74.4839751667862,74.07705417541986,78.25296845616029,75.41277966044925,4,5,Moderately Ready
73.54152527939965,75.03604254101373,76.68735266384033,76.39603330448055,71.23034641209553,77.46879728733416,72.98284056062174,73.3145988605611,5,4,Moderately Ready
72.70077312599295,73.38323738940677,78.9339870633743,73.35563458964789,74.94991188587721,75.64145922399905,72.28860540567263,72.22695027476327,5,5,Moderately Ready
85.99782217914417,95.8941831267328,96.9311807261322,94.18037969687703,87.77552413593024,94.54310866033013,86.90753828630007,92.64379018132416,2,2,Moderately Ready
85.35469543050583,98.63782523920366,98.58175614621629,82.29809141527039,81.27284041672252,80.05874772916289,80.26255860154399,83.23123930358288,1,0,Needs Improvement
91.03622795221288,92.91060862453716,98.85583852033008,97.82480671978497,81.97763744412758,95.75471278476837,85.99703786340015,85.46914825851415,3,3,Highly Ready
85.10291081924713,91.24905395558412,93.87989692194066,96.21722630407639,85.75603083160973,94.71888020578382,82.5692296909528,96.20729799851262,1,3,Highly Ready
68.94457271951849,68.47968178706678,64.87170963597507,51.516092394399195,53.72812768552856,68.31137755028413,62.41946818129611,68.44639956050236,8,6,Needs Improvement
9.358229531561973,27.891512546945997,9.430380692935032,18.855578993417275,22.983984695045006,29.989159385209856,18.877696242163957,20.77439368287583,10,9,Not Ready Yet
86.26895185509406,87.88312642503837,84.81020618645621,83.47792160679515,99.00259776737084,80.64143242454935,95.86867643133247,96.76573874473661,1,1,Highly Ready
60.7959213906014,52.302669511687746,68.79421786783354,64.05356447308455,68.49508695021854,60.96708121875472,67.03985914273238,59.78799864981697,8,8,Needs Improvement
97.28488586132816,92.28536368491751,86.54795663799642,92.7132940745993,85.52156356189437,88.07210789923334,85.48695628252113,80.53803557407579,1,1,Highly Ready
73.1541567039788,74.1212908829481,77.66319563656357,78.17169089797488,73.90852898310973,72.76452903644005,77.81698340386923,73.39204723627869,4,4,Moderately Ready
37.58039516517545,18.98050241849768,3.3242186783297543,29.227825918158434,37.52190372225053,36.753205174429674,32.14229285023815,44.6813950733619,10,10,Not Ready Yet
74.37370843565301,73.94804472759859,77.65727073644986,72.3643737383711,70.83413396543023,75.47070358250164,70.23693227728447,78.34564633462455,5,4,Moderately Ready
73.0107029981127,70.57191292611857,76.49805749065375,71.87457642321058,78.43112035122631,78.71689473420214,77.0153879716764,78.3282363723972,5,5,Moderately Ready
26.672254469471035,26.797183688243408,28.633145615754135,15.034502919324478,37.7514147166909,47.83510350936098,3.305234109122651,46.257572010605486,10,10,Not Ready Yet
89.64403469747464,91.60519284448901,83.95946102571739,87.15196223449632,82.28913415383016,93.93364575232084,91.76720432311124,90.51966272548714,3,2,Highly Ready
77.87363714869196,70.07269505862608,70.12567608243575,72.90007595396588,72.19474196409665,74.45992401879789,73.91902054715405,70.8528272332586,4,4,Moderately Ready
52.0759417399637,64.01555988595474,60.64644395297481,68.37052567584632,52.54393386554984,54.71034768582395,52.517539187090875,52.65778580970866,6,7,Needs Improvement
74.81374606276285,71.53747222335463,70.93496233603058,77.20168969879329,74.372967147722,74.93653005882014,74.9391339056564,70.87586026942756,5,5,Moderately Ready
16.533424243698303,22.70707593819109,2.643951925093735,32.11574090567079,32.58489103535286,0.11497964813854122,43.18624229275202,41.098407126287384,9,9,Not Ready Yet
85.26555898475735,94.13457509026617,83.92351865950783,88.08488756913547,81.05587664018366,83.90475348446218,83.70038970693017,90.04405013199705,2,2,Highly Ready
98.31024882658457,82.7621080231964,85.76613258434838,81.91152872083151,85.78552198235114,83.06805074621863,88.07431644333268,89.60799232671681,0,2,Highly Ready
94.77070683074346,91.32779600347094,80.3818662606848,99.6620785981292,88.03590676552278,97.8567290678395,84.1161332799203,94.80377130498093,1,1,Highly Ready
72.50087814283538,70.28356441051457,72.87564504957918,77.82154860195395,75.28395585845728,71.65770304935837,71.58490691650454,73.3519441589715,4,4,Moderately Ready
92.27898445092266,80.92714158450609,81.51051299480673,95.16329351182796,85.12051962825434,86.13494578139125,84.47254323599876,82.0205749858086,1,1,Not Ready Yet
57.81898386177736,68.51143510715207,65.33892728287124,53.84982954247762,64.19287333457684,55.574933588800064,65.98326894252398,58.41096787323764,7,7,Needs Improvement
71.67103422064613,73.59755027804978,76.9526357146905,72.68154145393302,73.98446591089495,77.13746152106515,71.55936378518776,75.25284849560254,5,5,Moderately Ready
76.70880797870889,76.5671425334525,75.25008926955462,73.20948317816597,73.93538868243387,74.08435360141036,76.03018860714123,75.6259213994756,4,5,Moderately Ready
59.49415882637199,55.17696015843604,58.28578544428278,64.93914656086321,57.022950190234496,54.196145608656245,57.90567004437041,68.2766886150622,7,7,Needs Improvement
95.28061209577702,87.80173450118917,83.15412109639226,95.75068417881255,97.44674885862781,90.217940220323,92.39177046956455,88.33111366875308,2,0,Highly Ready
68.8671450067351,54.94515894715372,58.277756119384826,61.468888391282,57.67566152562627,56.19378472720701,58.94756606216866,68.86372875482962,7,7,Needs Improvement
33.346167666213674,16.903193372628955,28.059650801330882,34.93710558466604,34.985486017887794,20.386106568307355,38.09446604318558,44.034805806678676,10,9,Not Ready Yet
77.89686757472938,76.3636668011159,78.90897597740826,74.44468734647342,75.33151196209052,72.6802920470336,73.04879285598837,70.73616593636488,5,5,Moderately Ready
74.92347057447569,72.02144993033882,72.44308104300887,78.46167546461625,72.57957277221544,74.93675886807377,74.50190160231104,73.86249311430126,4,5,Moderately Ready
90.76799812124892,85.92070200525325,89.40777832124199,92.77830961888495,92.31822231537379,95.04101513168497,95.1783398607938,95.74655557532206,0,3,Highly Ready
84.49206794408124,98.92681084574656,81.66604833327325,87.87302850141185,95.63223071623878,93.11557370375607,93.89276407091388,81.76768988806411,1,0,Highly Ready
23.69919014379334,18.97697935213548,23.576517660592994,8.302308535209125,41.50488256412249,0.20334643981786416,4.770940644245475,26.815273468771792,10,10,Not Ready Yet
82.79875924983583,94.63830981777586,91.47681671500303,82.35649259862525,99.58424346484037,99.58091471872851,87.96463784333383,83.9291862535705,2,3,Highly Ready
32.12221386953114,41.91643116777756,37.43326275726878,49.574752089138194,31.6417325900673,19.43002076538204,35.126563644609504,17.22363373288982,10,9,Not Ready Yet
74.14008537864872,76.73246089649744,75.26571406979241,77.258731807006,75.67548251966763,72.70517683850328,71.93708400099504,77.38593469674824,5,4,Moderately Ready
88.27222894169627,98.22086399544294,94.37210564198071,91.34313918056556,81.76862368291943,88.19996035866407,99.79148964170142,80.5114962774059,1,1,Highly Ready
52.996875916358135,52.88782667522718,58.01332937131711,54.05654874666242,65.1348103129896,61.281945709107205,53.044594341697824,64.96927187540736,6,8,Needs Improvement
51.609972385358326,64.5783108581861,54.504373565879355,55.16922854557005,68.49713063906239,54.877995122762655,67.51755376149643,58.54671704022701,7,8,Needs Improvement
74.80131190382758,70.90351781646179,70.41031426511498,75.07016578994288,77.1742819266185,72.38771977124735,76.55533358870959,78.59512068808398,5,5,Needs Improvement
78.94577963098443,78.17838744744387,70.82026807169292,73.60411027143745,78.77787623216459,75.20507715560552,76.39339505369092,75.96625092565455,4,4,Moderately Ready
93.12314374729372,98.4540175142213,97.87264092443161,80.7730502114478,90.59273683455903,96.61587400461737,88.34458229738709,88.33987518039787,0,3,Highly Ready
81.4470743948476,92.41688871416773,80.79110998607393,85.83956139450959,82.43987798016863,96.91264223601047,84.01144374278441,90.03888262738566,2,2,Highly Ready
68.93543668894803,54.77153768946623,54.554671938302874,58.65840787518696,63.51646097455171,61.17853688984109,63.0833966860997,59.74194236898423,8,6,Needs Improvement
70.52884612767798,72.9153294420603,74.32497178681149,77.6969142430798,77.95383703543017,77.11644121601888,71.04405517004061,77.89214556080911,4,5,Needs Improvement
98.12424443124688,93.38013810924168,80.08616211437761,99.4129888613302,90.41509055430373,96.06008524525234,81.76529799242738,81.84031279671656,1,3,Needs Improvement
67.35550097169295,67.80995920709972,52.35149253835475,67.72985046309452,54.83628174256943,58.85051659178632,66.28439688072633,57.6330431463977,7,7,Needs Improvement
3.5873797680594457,27.70538694732562,48.19918203342374,1.8754612348864497,31.857608072205267,15.083272984127028,48.53129018515301,32.88106582532578,10,9,Not Ready Yet
62.5454788709546,53.14146714113891,56.11125999529372,51.861932302791125,63.77975690569308,52.48322107316153,57.03927780628435,56.96693243775655,7,8,Needs Improvement
19.426802943061777,20.32599767590594,12.663545017744882,17.219699299758357,8.361034839727106,16.15874885600073,37.88299622237237,24.842405594733975,10,9,Highly Ready
87.26568285867508,89.73117600689291,96.17452145591446,98.68474464231531,89.33089369293295,90.85606971341531,94.09573310816016,85.51834471830672,2,3,Highly Ready
25.33417849623154,49.098740126802824,29.89421457831029,49.05808272151437,1.5312754993305422,5.298344638514169,49.52044324154707,35.03780950995868,10,10,Not Ready Yet
33.17040164657478,20.094521421271267,18.281015889369566,38.914846816981495,14.812184827965758,7.282227595052781,49.526149475660695,22.41274179449362,9,10,Not Ready Yet
71.1994212928697,75.88069132160118,73.64584251718689,70.23301296927717,73.4450342794186,70.07195464735999,70.2029981387409,70.38550083150736,5,5,Moderately Ready
80.10187282962033,96.36823555500403,90.18488044266134,99.11441712990677,88.41958625035672,83.60065240572051,80.81050512007673,94.00867380379904,3,0,Highly Ready
92.76342913217329,96.25461629209669,88.1835614951693,91.99010119721211,93.44631631254305,99.76550921380459,96.08413931126837,82.00581215111337,1,1,Highly Ready
83.37001058342665,90.03004397751616,82.22641350652495,87.02348707172001,95.85487211638703,83.22675528228388,84.58736943346638,91.0442838293438,1,1,Highly Ready
74.82445034756856,74.23938211009413,77.796953763067,74.73407954524042,73.22124277054752,75.45396120339258,75.3594592487398,70.28754802801906,5,4,Moderately Ready
91.08489576995024,89.04742249926024,96.05067537960738,84.5634605546334,97.79813703622747,82.03559692271516,82.30922429800219,84.92549394771893,0,2,Highly Ready
77.0179181433701,73.98696643373974,71.31057011695644,76.89529121509311,74.77551346516935,71.18126797908411,77.43077831021623,77.12391099605954,5,5,Moderately Ready
98.72016469611299,87.18768417187073,89.78750147767731,99.61088464274032,91.97589915382429,89.287225235133,84.80528176266114,82.55251510838184,0,0,Highly Ready
82.04653331966097,85.75396879166864,97.3344383705102,98.86444499037093,84.85169608910118,81.54402592975862,86.6583268153052,95.18108548615093,0,2,Highly Ready
58.379827308637005,59.17438056454857,64.18975020876637,62.31854507565551,60.91084814559987,54.155151140168634,62.54806939645789,63.134424164879164,8,6,Needs Improvement
95.12017478709711,89.9544376107065,98.25453528154573,92.84950818275937,99.36135396732948,93.47377166083258,84.54688988099383,91.1662230767582,0,1,Highly Ready
93.21306625315026,94.50770689620092,94.3744916386355,85.01162021326468,98.35424615500264,84.79101580709506,94.40993180908225,91.92522623773053,0,2,Highly Ready
68.24078951925524,67.46939829642893,65.11646113319298,61.66241672857829,56.509099025739054,64.82680517714773,60.8051626359827,56.00863241671252,8,8,Needs Improvement
92.05485671233367,88.59850847220997,92.75265545380695,93.78940899640878,87.18572212664233,83.06452386376588,92.15473783031145,90.86443758445245,0,3,Highly Ready
87.7701460319101,88.40757242734696,84.81185469530944,89.04694210829527,85.46736841965536,88.88104347790478,80.864625734537,87.98146386717966,1,3,Highly Ready
11.133535362129916,33.19410739844246,3.4556058417413107,29.387294463410342,27.591852865586507,7.000670715315022,10.997599599889767,1.024784338484802,10,9,Not Ready Yet
30.798260723717735,8.036450907643038,30.64348095986229,19.88848347058928,13.467662521188695,22.991599058312172,41.86818618286294,42.98406351707799,9,10,Not Ready Yet
93.50624236228849,84.8077657437245,82.8167721481553,85.01064481945468,84.25183717928552,90.24567544531337,95.33584714411344,85.47813327312716,3,1,Highly Ready
56.957892225355984,55.4388092827897,66.71589978910808,61.806346550168264,56.89730691628448,57.0846582477976,59.253646009208225,66.22520166054653,8,6,Needs Improvement
24.94937723990514,40.44963731572912,0.7473152734903732,13.877520771526624,18.44613084650725,3.0717057135558945,49.83746922123763,10.644745909282276,9,10,Not Ready Yet
67.75651451945558,66.26982250426862,56.798853229885154,60.68076636336153,65.5877429284706,60.45649325075558,55.07447679958956,56.031614500020474,6,8,Needs Improvement
45.24105224078384,34.507927901013424,30.004711482914487,22.1310929052277,4.960438417409707,14.774539303510814,7.848715633242865,6.941727857746294,9,9,Not Ready Yet
59.35219308546434,67.6970013368411,54.18300223568905,53.146022472271966,63.3209466810024,61.62612518049532,67.19724821530404,57.88409524317253,6,7,Needs Improvement
99.72404958698182,96.38813426419367,95.03048524752512,99.42352938882244,82.422199970335,84.61256259476683,83.13782893122907,80.90315361351823,2,0,Highly Ready
73.76188163352741,76.04281987447551,70.43874046918889,75.18808801587102,75.78688259565583,71.90481782975083,75.57095658802417,74.40468123881338,5,4,Moderately Ready
92.92255297626241,83.67614250015217,91.63534487009511,86.83183229420884,81.98900034677727,82.92449790003982,96.83372696347713,87.53145854406685,2,3,Highly Ready
87.36932431964537,99.39654910559983,86.18208706415554,94.54188204549209,91.58734232150032,92.43298155246607,97.97036322096385,84.5380899310813,2,2,Highly Ready
72.10899533886905,78.66135846425323,75.85800608730109,74.21850776068314,78.24444121894658,74.81027162012023,70.67921889248322,72.98347891413867,5,5,Moderately Ready
58.99088202589209,65.08268399031178,53.12885516188217,56.32275003947061,64.62486586235008,54.52461075930465,62.05701837381268,67.42388303488032,6,8,Needs Improvement
48.459823213785945,35.5749206349295,16.999066642825795,17.230042508540727,32.941671636302544,32.405130899075694,37.98328802663478,3.344823466621938,9,9,Moderately Ready
92.96005983965875,89.53580179027318,81.09888112646036,93.2436172774701,95.94307150264997,92.49895156322034,83.11759324849329,84.9181296034526,0,3,Highly Ready
33.98763311183487,22.08995186688021,19.31910053983313,41.295281603121516,31.630554582021386,10.224888598658005,12.303721955226093,7.558430805214678,10,9,Not Ready Yet
52.289021757558615,53.485070860489564,65.73723806026325,60.3027011973285,56.12070992326876,60.22731753153664,58.45353125014949,67.40906710150571,6,6,Needs Improvement
61.91293246752204,54.466172310622945,51.72076307624969,67.9012748855072,55.40714185062055,65.9432056550662,64.9123645450916,55.42184654069212,8,8,Needs Improvement
76.32735109534579,70.65834620494107,71.28881103796421,73.93618379608704,75.39494389242195,75.63732203483465,77.66311034128732,73.41990477974305,4,4,Moderately Ready
26.7686317539236,12.892735042900405,24.5444378477003,27.68721029225939,40.07236871235492,24.846615423535756,17.12492576618667,3.5789168932976736,10,9,Not Ready Yet
70.88525656618542,72.47311805937953,77.83718373829875,77.33072603859392,77.23445612324694,71.47300721185627,73.85173257094826,72.63553403061556,5,5,Moderately Ready
73.3192022112945,77.24933928475156,74.39066579675458,78.94080882904566,72.84330409383479,73.10883596528669,78.66012487761816,78.18628472268703,5,5,Moderately Ready
37.5685466028388,30.679752852492655,48.87139141959425,13.008885655155344,22.064341050129116,14.675258691862435,21.293024405741217,8.234336330995728,10,10,Not Ready Yet
88.13592011116062,82.76179586572967,80.11627137043683,88.2655144599966,82.59227737347702,91.34965247196058,86.53982078776919,90.67663757932324,2,0,Highly Ready
70.48812957702064,73.79531279871792,71.13736007180992,74.02579066814738,73.76101558952523,74.42971010963551,75.37549340353847,72.08273541671973,5,4,Moderately Ready
10.77554310016357,34.24074086447646,13.46454429122535,6.924152028914249,6.549520632448802,5.512352027431788,21.85431155140568,39.129029086509036,10,9,Not Ready Yet
71.76295236970758,78.03681622774042,74.15322172605198,78.85569399381635,76.20616012375253,77.69141376981969,76.01317148334756,76.29128083628618,5,5,Moderately Ready
23.18205269350467,43.861031210772815,18.67901538171522,43.200946792867924,14.565335846734973,32.771962527908215,22.94777334638959,10.180589642442106,9,9,Not Ready Yet
63.25141733240907,68.04301597913641,68.73079565953427,53.592328965180236,55.37427858617322,59.004732769816655,64.16045860838113,53.80908014238983,6,8,Needs Improvement
63.919819270115504,58.104735216411036,58.203618778190545,64.13718944799011,51.211512886864206,54.54834652934917,62.34252309765499,63.076242301845895,8,7,Needs Improvement
70.60627251040903,71.24486462734288,77.14397806993851,71.36393815460502,77.39535450594377,77.56910392225603,78.0220718159753,76.48037272753568,5,5,Moderately Ready
72.27814547687109,78.6822069721453,74.88823340707914,71.84133487891899,76.77464260840898,73.8057364720258,74.06222973824482,75.18631481699073,4,4,Moderately Ready
37.00330802728885,4.289698488008925,10.342274748232432,0.4363532557417893,16.778408601922905,33.85891998305715,30.329479991404156,14.302014146243236,10,9,Not Ready Yet
87.40943311411543,88.38613022564824,91.3651850395191,96.67886853992917,82.27449266122088,83.75594439291527,85.23101935112948,87.39182364398208,0,1,Highly Ready
62.75550975981519,67.01998095023002,51.016459520116555,52.94906163350191,56.9724413249785,58.047079875879284,59.55348198272028,65.16749693597365,8,8,Needs Improvement
80.97575131308095,99.0331725066785,94.67496775233315,91.54154146297608,95.14664243582682,94.70595762665903,85.71682501662983,92.76114747943546,0,2,Highly Ready
81.27748762794896,88.11333766355546,97.87249632313419,86.79860920844195,93.74207157098903,96.6727568701167,83.8186436179937,92.68610815026315,0,2,Highly Ready
74.12273330895206,73.17037249767164,70.44944812188868,70.37856507763406,75.75245535454303,70.92798369601049,73.62984294926284,78.38257206871994,5,5,Moderately Ready
42.03974672244554,22.540148552102913,13.113201795552554,4.560524211103689,46.357070136144166,1.860088167625562,44.42886280364903,39.51549116965278,9,10,Not Ready Yet
70.92547633441824,70.84067941427475,73.29232275220463,78.350587066288,73.81863931438754,77.1894982878583,78.79989395887819,71.01540474419808,5,5,Moderately Ready
36.79215785593047,26.06581308020824,33.19977939099305,7.991568153285683,3.2836442725697133,43.48925651672647,35.97085785897358,43.2418760016873,10,9,Not Ready Yet
57.4176672815176,60.70413338546104,61.585124151855666,58.595676272278155,58.915169527386176,53.6991210864319,57.653115290734526,57.56542860815969,6,6,Needs Improvement
73.49106685520424,75.9351233860719,70.84837912181855,78.14879384630167,76.30359173817784,73.01635979142802,70.38982917814569,76.1318750304897,5,5,Moderately Ready
30.237617294865455,10.400874541811817,40.739362640295994,38.81839074283606,0.3230035869869974,39.43465557524504,17.04861939121356,7.8795149553381405,10,9,Not Ready Yet
21.499875036078304,28.008780930608147,32.36744970902002,12.752313284820238,3.4816185526443055,18.548766080664887,36.93261806298806,3.0615002530092417,10,9,Not Ready Yet
52.91691617242287,55.2939569956029,65.46825244872744,59.40808325057715,54.42798153269875,67.4747916172279,60.63307574756261,61.15745230488061,7,6,Moderately Ready
95.3105145437496,84.4752056234434,97.30058352873095,96.89222233994562,99.00262094792429,95.8671627156609,89.38285417197355,98.39707713527909,0,0,Highly Ready
53.308890003556705,64.18477975318704,62.74451800488813,67.58775075539087,54.57155160620615,65.04418971274572,52.10661332424851,58.96653680751622,6,6,Needs Improvement
82.83112059776902,97.15098996142419,82.8162457337174,85.90406562017436,85.80534793270526,84.33212666041373,93.55620994632125,81.03658130002003,3,3,Highly Ready
30.95217825256983,46.39598346639545,35.590699651573246,21.35965933452382,6.015476464426412,28.981190391840116,31.544840885228197,5.416821456029341,10,10,Not Ready Yet
58.24744580577295,59.194661165184925,56.32792135128717,61.9306018275708,64.02172950105896,57.797298009934075,66.3844992981964,54.50588459652884,7,6,Needs Improvement
87.33290987496662,83.22953759672778,96.48240131730229,85.63097863569504,82.76819333231651,93.48928397593824,93.64301543126203,87.29058566634009,3,1,Highly Ready
70.79419139932915,70.68344917030745,72.32535453285944,78.85666896115171,76.33078380763207,74.12789224975751,73.2566119673812,72.56062524992352,4,5,Moderately Ready
86.69149868083622,95.77181661733087,91.73487679873249,81.65232060966981,98.89368300568357,80.74283730167473,94.04198022129874,80.87712437946242,3,1,Highly Ready
25.195968163272997,6.72751568307195,17.432452947096916,28.5910299859076,10.446745406621933,13.08270910557191,23.436317931761984,16.81320540527752,10,9,Not Ready Yet
74.56840085613388,76.42357001351672,73.22340969315148,78.04987808915473,75.40110704065874,70.97017258817846,75.13409522642401,74.24794299998291,4,5,Moderately Ready
44.81232565301677,25.2678636178848,20.658380532619052,31.678515071920533,42.653188587587756,33.93893347373396,12.003257428226261,7.7883165415174265,9,9,Not Ready Yet
40.86434008829284,20.383407705755012,18.243357593660313,38.93400934280741,7.099351029983886,19.642269439520703,16.65362986321361,42.915571812157154,9,10,Not Ready Yet
70.35457923485038,70.30944375099878,77.92521757343215,76.07771159649238,71.27125220885218,74.91493916899046,75.97663740401465,70.77724625719895,5,4,Moderately Ready
51.43357929639973,64.78242284121042,56.03646047228937,65.83022723032785,59.919130845318804,53.06174881168901,68.17845274307314,54.65252786229101,6,8,Needs Improvement
78.08740395894108,77.60514172091403,78.18618614937093,73.43250479090553,76.41491523283455,77.49345395021778,71.8069518305839,70.115771254932,4,4,Needs Improvement
90.52646723698905,91.90377303788726,84.69592274218299,91.06088704516996,90.42082266717524,94.54236865096561,96.19084536142832,86.19445157849907,0,1,Highly Ready
78.56655370077574,70.58022063982432,74.89379621987813,78.48992622942649,76.80398362589922,75.62493969609204,70.45515119727506,76.65635578387257,4,5,Moderately Ready
73.75443155186085,70.79668415473381,76.93282985506472,73.54517296354132,74.80410630439006,75.78427487032558,74.60660445019474,77.29697048471218,4,4,Moderately Ready
17.439506148192844,49.207103947258375,38.05161177071876,15.15499158941574,22.943196778792686,34.87037866614487,12.821730885320731,22.899926396758918,9,10,Not Ready Yet
77.45387882566807,78.98078841562936,70.3270228342362,73.13966376429741,74.93632130713685,71.90881849876857,77.01779421176863,72.20056199338512,5,5,Moderately Ready
75.56860484581101,72.61194325095853,71.25557342806444,75.01929595515702,78.88691888096278,76.72296435963975,71.25937737528528,73.79971663994817,4,5,Moderately Ready
17.798912766441262,1.4390814145908148,36.42366383367993,20.276802335789228,24.291088218666907,23.946810398280288,43.33869706775755,25.454355588272065,10,10,Not Ready Yet
74.88423534702079,78.62371539287787,73.68250338987657,72.12568768778428,74.90272252063215,78.15446858840593,76.0009140313999,70.22117315076316,5,4,Moderately Ready
29.60622689087514,9.203772405205001,21.61276989988287,22.19266128343464,41.54012601492176,25.743935633895195,28.493798784627383,34.38932865661242,10,10,Highly Ready
